CREATE USER 'vhost118066'@'localhost' IDENTIFIED by 'First6011750';
GRANT USAGE ON *.* TO 'vhost118066'@'localhost' REQUIRE NONE WITH MAX_QUERIES_PER_HOUR 0 MAX_CONNECTIONS_PER_HOUR 0 MAX_UPDATES_PER_HOUR 0 MAX_USER_CONNECTIONS 0;
CREATE DATABASE IF NOT EXISTS `vhost118066`;
GRANT ALL PRIVILEGES ON `vhost118066`.* TO 'vhost118066'@'localhost';

-- MySQL dump 10.16  Distrib 10.1.31-MariaDB, for Win32 (AMD64)
--
-- Host: localhost    Database: vhost118066
-- ------------------------------------------------------
-- Server version	10.1.31-MariaDB

/*!40101 SET @OLD_CHARACTER_SET_CLIENT=@@CHARACTER_SET_CLIENT */;
/*!40101 SET @OLD_CHARACTER_SET_RESULTS=@@CHARACTER_SET_RESULTS */;
/*!40101 SET @OLD_COLLATION_CONNECTION=@@COLLATION_CONNECTION */;
/*!40101 SET NAMES utf8 */;
/*!40103 SET @OLD_TIME_ZONE=@@TIME_ZONE */;
/*!40103 SET TIME_ZONE='+00:00' */;
/*!40014 SET @OLD_UNIQUE_CHECKS=@@UNIQUE_CHECKS, UNIQUE_CHECKS=0 */;
/*!40014 SET @OLD_FOREIGN_KEY_CHECKS=@@FOREIGN_KEY_CHECKS, FOREIGN_KEY_CHECKS=0 */;
/*!40101 SET @OLD_SQL_MODE=@@SQL_MODE, SQL_MODE='NO_AUTO_VALUE_ON_ZERO' */;
/*!40111 SET @OLD_SQL_NOTES=@@SQL_NOTES, SQL_NOTES=0 */;

--
-- Current Database: `vhost118066`
--

CREATE DATABASE /*!32312 IF NOT EXISTS*/ `vhost118066` /*!40100 DEFAULT CHARACTER SET utf8 COLLATE utf8_unicode_ci */;

ALTER DATABASE `testuser` DEFAULT CHARSET=utf8 COLLATE utf8_unicode_ci;

USE `vhost118066`;

--
-- Table structure for table `add_black`
--

DROP TABLE IF EXISTS `add_black`;
/*!40101 SET @saved_cs_client     = @@character_set_client */;
/*!40101 SET character_set_client = utf8 */;
CREATE TABLE `add_black` (
  `id` int(11) unsigned NOT NULL AUTO_INCREMENT,
  `m_id` int(11) DEFAULT NULL,
  `manager_id` int(11) DEFAULT NULL,
  `content` varchar(255) COLLATE utf8_unicode_ci DEFAULT NULL,
  `add_datetime` datetime DEFAULT NULL,
  PRIMARY KEY (`id`)
) ENGINE=InnoDB DEFAULT CHARSET=utf8 COLLATE=utf8_unicode_ci;
/*!40101 SET character_set_client = @saved_cs_client */;

--
-- Dumping data for table `add_black`
--

LOCK TABLES `add_black` WRITE;
/*!40000 ALTER TABLE `add_black` DISABLE KEYS */;
/*!40000 ALTER TABLE `add_black` ENABLE KEYS */;
UNLOCK TABLES;

--
-- Table structure for table `addressee_set`
--

DROP TABLE IF EXISTS `addressee_set`;
/*!40101 SET @saved_cs_client     = @@character_set_client */;
/*!40101 SET character_set_client = utf8 */;
CREATE TABLE `addressee_set` (
  `id` int(11) unsigned NOT NULL AUTO_INCREMENT,
  `name` varchar(100) COLLATE utf8_unicode_ci DEFAULT NULL,
  `cellphone` varchar(100) COLLATE utf8_unicode_ci DEFAULT NULL,
  `order_no` varchar(255) COLLATE utf8_unicode_ci DEFAULT NULL,
  `addressee_date` enum('3','2','1') COLLATE utf8_unicode_ci DEFAULT NULL COMMENT '收件日期 1=>周一至週五 2=>周六 3=>都可以',
  `address` varchar(255) COLLATE utf8_unicode_ci DEFAULT NULL,
  `m_id` varchar(255) COLLATE utf8_unicode_ci DEFAULT NULL,
  PRIMARY KEY (`id`)
) ENGINE=InnoDB AUTO_INCREMENT=176 DEFAULT CHARSET=utf8 COLLATE=utf8_unicode_ci;
/*!40101 SET character_set_client = @saved_cs_client */;

--
-- Dumping data for table `addressee_set`
--

LOCK TABLES `addressee_set` WRITE;
/*!40000 ALTER TABLE `addressee_set` DISABLE KEYS */;
INSERT INTO `addressee_set` VALUES (1,'','','1516376769',NULL,'','1395978632'),(2,'','','1516376896',NULL,'','1395978632'),(3,'','','1516385941',NULL,'','1395978632'),(4,'','','1516386224',NULL,'','1395978632'),(5,'','','1516386413',NULL,'','1395978632'),(6,'','','1516386829',NULL,'','1395978632'),(7,'1','2','1516512525','1','3','7539605201'),(8,'6','6','1516512675','2','6','4819427676'),(9,'','','1516599451','1','','1395978632'),(10,'','','1516600288','1','','1395978632'),(11,'','','1516621985','1','','1432489887'),(12,'','','1516625432','1','','1395978632'),(13,'','','1516626113','1','','1432489887'),(14,'','','1516626835','1','','1432489887'),(15,'','','1516627526','1','','1432489887'),(16,'','','1516627845','1','','1432489887'),(17,'','','1516628086','1','','7539605201'),(18,'','','1516628092','1','','7539605201'),(19,'','','1516628620','1','','7539605201'),(20,'王大明44','0988123456','1516630475','3','高雄市燕巢區44','7539605201'),(21,'4','5','1516630545','1','6','7539605201'),(22,'','','1516630990','1','','1432489887'),(23,'','','1516631142','1','','1432489887'),(24,'','','1516631629','1','','1432489887'),(25,'','','1516688620','1','','1395978632'),(26,'','','1516688996','1','','1395978632'),(27,'','','1516689153','1','','1395978632'),(28,'','','1516689834','1','','7539605201'),(29,'','','1516800120','1','','1432489887'),(30,'','','1516805156','1','','1432489887'),(31,'','','1516805212','1','','6599525329'),(32,'','','1516805414','1','','6599525329'),(33,'','','1516859413','1','','1432489887'),(34,'','','1516869806','1','','1432489887'),(35,'','','1516873296','1','','1432489887'),(36,'','','1516873563','1','','1432489887'),(37,'','','1516874561','1','','1432489887'),(38,'','','1516875422','1','','1432489887'),(39,'','','1516875519','1','','1432489887'),(40,'','','1516875778','1','','1395978632'),(41,'','','1516879856','1','','1432489887'),(42,'','','1516880027','1','','1432489887'),(43,'','','1516880136','1','','1432489887'),(44,'','','1516880147','1','','1432489887'),(45,'','','1516880187','1','','1432489887'),(46,'','','1516880960','1','','1432489887'),(47,'','','1516881840','1','','1432489887'),(48,'','','1516881978','1','','1432489887'),(49,'','','1516882342','1','','1432489887'),(50,'','','1516882371','1','','1432489887'),(51,'','','1516883026','1','','1432489887'),(52,'','','1516884736','1','','1432489887'),(53,'','','1516884899','1','','1432489887'),(54,'','','1516884965','1','','1432489887'),(55,'經理','0989322457','1517207174','1','XX路100號','7539605201'),(56,'經理','0989322457','1517284425','1','XX路100號','7539605201'),(57,'經理','0989322457','1517284901','1','XX路100號','7539605201'),(58,'經理','0','1517285980','1','XX路100號','7539605201'),(59,'經理','077777777','1517286917','1','XX路100號','7539605201'),(60,'經理','0989322457','1517402193','1','XX路100號','7539605201'),(61,'經理','0989322457','1517402257','1','XX路100號','7539605201'),(62,'經理','0989322457','1517402388','1','XX路100號','7539605201'),(63,'經理','0989322457','1517402458','1','XX路100號','7539605201'),(64,'經理','0989322457','1517413269','1','XX路100號','7539605201'),(65,'經理','0989322457','1517413345','1','XX路100號','7539605201'),(66,'經理','0989322457','1517413735','1','XX路100號','7539605201'),(67,'經理','0989322457','1517414629','1','XX路100號','7539605201'),(68,'經理','0989322457','1517414667','1','XX路100號','7539605201'),(69,'經理','0989322457','1517417435','1','XX路100號','7539605201'),(70,'經理','0989322457','1517417475','1','XX路100號','7539605201'),(71,'經理','0989322457','1517417606','1','XX路100號','7539605201'),(72,'經理','0989322457','1517417952','1','XX路100號','7539605201'),(73,'經理','0989322457','1517417984','1','XX路100號','7539605201'),(74,'經理','0989322457','1517424001','1','XX路100號','7539605201'),(75,'經理','0989322457','1517424175','1','XX路100號','7539605201'),(76,'經理','0989322457','1517470079','1','XX路100號','7539605201'),(77,'經理','0989322457','1517471438','1','XX路100號','7539605201'),(78,'經理','0989322457','1517472570','1','XX路100號','7539605201'),(79,'經理','0989322457','1517475469','1','XX路100號','7539605201'),(80,'經理','0989322457','1517475782','1','XX路100號','7539605201'),(81,'經理','0989322457','1517476578','1','XX路100號','7539605201'),(82,'經理','0989322457','1517481762','1','XX路100號','7539605201'),(83,'經理','0989322457','1517481818','1','XX路100號','7539605201'),(84,'經理','0989322457','1517486160','1','XX路100號','7539605201'),(85,'經理','0989322457','1517489027','1','XX路100號','7539605201'),(86,'經理','0989322457','1517489050','1','XX路100號','7539605201'),(87,'經理','0989322457','1517489122','1','XX路100號','7539605201'),(88,'會員','0912777489','1517489340','1','仁愛路100號','1395978632'),(89,'經理','0989322457','1517489556','1','XX路100號','7539605201'),(90,'經理','0989322457','1517489787','1','XX路100號','7539605201'),(91,'經理','0989322457','1517490331','1','XX路100號','7539605201'),(92,'經理','0989322457','1517490530','1','XX路100號','7539605201'),(93,'經理','0989322457','1517493057','1','XX路100號','7539605201'),(94,'經理','0989322457','1517493276','1','XX路100號','7539605201'),(95,'經理','0989322457','1517500836','1','XX路100號','7539605201'),(96,'經理','0989322457','1517500928','1','XX路100號','7539605201'),(97,'經理','0989322457','1517501081','1','XX路100號','7539605201'),(98,'經理','0989322457','1517503101','1','XX路100號','7539605201'),(99,'','','1517503153','','',''),(100,'經理','0989322457','1517503241','1','XX路100號','7539605201'),(101,'經理','0989322457','1517503407','1','XX路100號','7539605201'),(102,'經理','0989322457','1517503463','1','XX路100號','7539605201'),(103,'經理','0989322457','1517503504','1','XX路100號','7539605201'),(104,'經理','0989322457','1517503600','1','XX路100號','7539605201'),(105,'經理','0989322457','1517503710','1','XX路100號','7539605201'),(106,'經理','0989322457','1517503760','1','XX路100號','7539605201'),(107,'經理','0989322457','1517503921','1','XX路100號','7539605201'),(108,'經理45654','0989322457','1517504046','2','XX路100號123123','7539605201'),(109,'經理','0989322457','1517504066','1','XX路100號','7539605201'),(110,'經理','0989322457','1517504076','1','XX路100號','7539605201'),(111,'經理','0989322457','1517504085','1','XX路100號','7539605201'),(112,'經理','0989322457','1517504093','1','XX路100號','7539605201'),(113,'會員','0912777489','1517504298','1','仁愛路100號','1395978632'),(114,'會員456','0912777489','1517504444','1','仁愛路100號456','1395978632'),(115,'會員123','0912777489','1517675608','1','1232133仁愛路100號','1395978632'),(116,'經理','0989322457','1517769327','3','XX路100號','7539605201'),(117,'經理','0989322457','1518019670','2','XX路100號','7539605201'),(118,'經理','0989322457','1518019802','1','XX路100號45645','7539605201'),(119,'經理','0989322457','1518020457','1','XX路100號','7539605201'),(120,'經理','0989322457','1518021944','1','XX路100號','7539605201'),(121,'經理','0989322457','1518065994','1','XX路100號','7539605201'),(122,'經理1223','0989322457','1518068877','1','XX路100號','7539605201'),(123,'經理','0989322457','1518069087','1','XX路100號','7539605201'),(124,'經理333','0989322457','1518069329','1','XX路100號','7539605201'),(125,'經理','0989322457','1518071704','1','XX路100號','7539605201'),(126,'經理','0989322457','1519638131','2','XX路100號','7539605201'),(127,'經理','0989322457','1519638207','1','XX路100號','7539605201'),(128,'經理','0989322457','1519638283','1','XX路100號','7539605201'),(129,'經理','0989322457','1519638323','1','XX路100號','7539605201'),(130,'經理','0989322457','1519638385','1','XX路100號','7539605201'),(131,'經理','0989322457','1519638394','1','XX路100號','7539605201'),(132,'經理','0989322457','1519709398','1','XX路100號','7539605201'),(133,'經理123','0989322457','1519709762','2','XX路100號','7539605201'),(134,'經理','0989322457','1519720711','1','XX路100號','7539605201'),(135,'會員','0912777489','1519730502','1','仁愛路100號','1395978632'),(136,'testtest','0989322457','1519730739','1','不知道路','7859642492'),(137,'經理','0989322457','1519838815','1','XX路100號','7539605201'),(138,'經理','0989322457','1519838840','1','XX路100號','7539605201'),(139,'經理','0989322457','1519838967','1','XX路100號','7539605201'),(140,'經理','0989322457','1519839320','1','XX路100號','7539605201'),(141,'reyerywry','0912345678','1519883683','1','fghdhdh','7539605201'),(142,'經理','0989322457','1519883893','1','XX路100號','7539605201'),(143,'經理','0989322457','1519884229','1','XX路100號','7539605201'),(144,'經理','0989322457','1519884245','1','XX路100號','7539605201'),(145,'經理','0989322457','1519886903','1','XX路100號','7539605201'),(146,'經理','0989322457','1519887190','1','XX路100號','7539605201'),(147,'經理','0989322457','1519889212','1','XX路100號','7539605201'),(148,'經理','0989322457','1519889232','1','XX路100號','7539605201'),(149,'經理','0989322457','1519889452','1','XX路100號','7539605201'),(150,'testtest','0989322457','1519889655','1','不知道路','7859642492'),(151,'testtest','0989322457','1519889699','1','不知道路','7859642492'),(152,'testtest','0989322457','1519890123','1','不知道路','7859642492'),(153,'經理','0989322457','1519890212','1','XX路100號','7539605201'),(154,'經理','0989322457','1520359663','1','XX路100號','7539605201'),(155,'經理','0989322457','1520359895','1','XX路100號','7539605201'),(156,'經理','0989322457','1520359937','1','XX路100號','7539605201'),(157,'testtest','0989322457','1521038108','1','不知道路','7859642492'),(158,'廖地球','0975809268','1521095296','1','清風二路','2185639934'),(159,'廖地球','0975809268','1521095456','1','清風二路','2185639934'),(160,'會員','0912777489','1521428780','1','仁愛路100號','1395978632'),(161,'testtest','0989322457','1521429402','1','不知道路','7859642492'),(162,'testtest','0989322457','1521429640','1','不知道路','7859642492'),(163,'testtest','0989322457','1521429740','1','不知道路','7859642492'),(164,'會員','0912777489','1521429939','1','仁愛路100號','1395978632'),(165,'陳映嘉','0912345566','1521448959','1','不知道路','1432489887'),(166,'經理','0989322457','1522033561','1','XX路100號','7539605201'),(167,'測試人員a','0910101010','1523195104','1','人員a住處','2259919669'),(168,'測試人員A','0910101010','1523195155','1','人員a住處','2259919669'),(169,'經理','0989322457','1523253589','1','XX路100號','7539605201'),(170,'經理','0989322457','1525695278','1','XX路100號','7539605201'),(171,'經理','0989322457','1525696393','1','XX路100號','7539605201'),(172,'經理','0989322457','1525696512','1','XX路100號','7539605201'),(173,'經理','0989322457','1525696624','1','XX路100號','7539605201'),(174,'經理','0989322457','1525696705','1','XX路100號','7539605201'),(175,'經理','0989322457','1525696722','1','XX路100號','7539605201');
/*!40000 ALTER TABLE `addressee_set` ENABLE KEYS */;
UNLOCK TABLES;

--
-- Table structure for table `admin`
--

DROP TABLE IF EXISTS `admin`;
/*!40101 SET @saved_cs_client     = @@character_set_client */;
/*!40101 SET character_set_client = utf8 */;
CREATE TABLE `admin` (
  `id` int(11) unsigned NOT NULL AUTO_INCREMENT,
  `account` varchar(100) COLLATE utf8_unicode_ci DEFAULT NULL,
  `password` varchar(100) COLLATE utf8_unicode_ci DEFAULT NULL,
  `name` varchar(50) COLLATE utf8_unicode_ci DEFAULT NULL,
  `s_id` int(100) NOT NULL,
  `img` varchar(255) COLLATE utf8_unicode_ci DEFAULT NULL,
  `identity` varchar(20) COLLATE utf8_unicode_ci DEFAULT NULL,
  `a_auth` varchar(100) COLLATE utf8_unicode_ci NOT NULL,
  PRIMARY KEY (`id`)
) ENGINE=InnoDB AUTO_INCREMENT=7 DEFAULT CHARSET=utf8 COLLATE=utf8_unicode_ci;
/*!40101 SET character_set_client = @saved_cs_client */;

--
-- Dumping data for table `admin`
--

LOCK TABLES `admin` WRITE;
/*!40000 ALTER TABLE `admin` DISABLE KEYS */;
INSERT INTO `admin` VALUES (1,'admin','1234','管理員',0,'images/photos/images.jpg','admin','3'),(2,'test','1234','供應商1號',2,'images/photos/images.jpg','supplier','2'),(3,'abc@mail.com','1234','',12,'images/photos/images.jpg','supplier','2'),(5,'admin','12345','',14,'images/photos/images.jpg','supplier','2'),(6,'ictc@kkkk.com','qqqq','',15,'images/photos/images.jpg','supplier','2');
/*!40000 ALTER TABLE `admin` ENABLE KEYS */;
UNLOCK TABLES;

--
-- Table structure for table `area`
--

DROP TABLE IF EXISTS `area`;
/*!40101 SET @saved_cs_client     = @@character_set_client */;
/*!40101 SET character_set_client = utf8 */;
CREATE TABLE `area` (
  `id` int(11) NOT NULL AUTO_INCREMENT,
  `city_id` int(11) NOT NULL,
  `area` varchar(50) NOT NULL,
  `num` varchar(50) NOT NULL,
  PRIMARY KEY (`id`)
) ENGINE=MyISAM AUTO_INCREMENT=369 DEFAULT CHARSET=utf8;
/*!40101 SET character_set_client = @saved_cs_client */;

--
-- Dumping data for table `area`
--

LOCK TABLES `area` WRITE;
/*!40000 ALTER TABLE `area` DISABLE KEYS */;
INSERT INTO `area` VALUES (1,1,'中正區','100'),(2,1,'大同區','103'),(3,1,'中山區','104'),(4,1,'松山區','105'),(5,1,'大安區','106'),(6,1,'萬華區','108'),(7,1,'信義區','110'),(8,1,'士林區','111'),(9,1,'北投區','112'),(10,1,'內湖區','114'),(11,1,'南港區','115'),(12,1,'文山區','116'),(13,2,'仁愛區','200'),(14,2,'信義區','201'),(15,2,'中正區','202'),(16,2,'中山區','203'),(17,2,'安樂區','204'),(18,2,'暖暖區','205'),(19,2,'七堵區','206'),(20,3,'萬里區','207'),(21,3,'金山區','208'),(22,3,'板橋區','220'),(23,3,'汐止區','221'),(24,3,'深坑區','222'),(25,3,'石碇區','223'),(26,3,'瑞芳區','224'),(27,3,'平溪區','226'),(28,3,'雙溪區','227'),(29,3,'貢寮區','228'),(30,3,'新店區','231'),(31,3,'坪林區','232'),(32,3,'烏來區','233'),(33,3,'永和區','234'),(34,3,'中和區','235'),(35,3,'土城區','236'),(36,3,'三峽區','237'),(37,3,'樹林區','238'),(38,3,'鶯歌區','239'),(39,3,'三重區','241'),(40,3,'新莊區','242'),(41,3,'泰山區','243'),(42,3,'林口區','244'),(43,3,'蘆洲區','247'),(44,3,'五股區','248'),(45,3,'八里區','249'),(46,3,'淡水區','251'),(47,3,'三芝區','252'),(48,3,'石門區','253'),(49,4,'宜   蘭','260'),(50,4,'頭   城','261'),(51,4,'礁   溪','262'),(52,4,'壯   圍','263'),(53,4,'員   山','264'),(54,4,'羅   東','265'),(55,4,'三   星','266'),(56,4,'大   同','267'),(57,4,'五   結','268'),(58,4,'冬   山','269'),(59,4,'蘇   澳','270'),(60,4,'南   澳','272'),(61,4,'釣魚台列嶼','290'),(62,5,'新竹市','300'),(63,6,'竹   北','302'),(64,6,'湖   口','303'),(65,6,'新   豐','304'),(66,6,'新   埔','305'),(67,6,'關   西','306'),(68,6,'芎   林','307'),(69,6,'寶   山','308'),(70,6,'竹   東','310'),(71,6,'五   峰','311'),(72,6,'橫   山','312'),(73,6,'尖   石','313'),(74,6,'北   埔','314'),(75,6,'峨   眉','315'),(76,7,'中   壢','320'),(77,7,'平   鎮','324'),(78,7,'龍   潭','325'),(79,7,'楊   梅','326'),(80,7,'新   屋','327'),(81,7,'觀   音','328'),(82,7,'桃   園','330'),(83,7,'龜   山','333'),(84,7,'八   德','334'),(85,7,'大   溪','335'),(86,7,'復   興','336'),(87,7,'大   園','337'),(88,7,'蘆   竹','338'),(89,8,'竹   南','350'),(90,8,'頭   份','351'),(91,8,'三   灣','352'),(92,8,'南   庄','353'),(93,8,'獅   潭','354'),(94,8,'後   龍','356'),(95,8,'通   霄','357'),(96,8,'苑   裡','358'),(97,8,'苗   栗','360'),(98,8,'造   橋','361'),(99,8,'頭   屋','362'),(100,8,'公   館','363'),(101,8,'大   湖','364'),(102,8,'泰   安','365'),(103,8,'銅   鑼','366'),(104,8,'三   義','367'),(105,8,'西   湖','368'),(106,8,'卓   蘭','369'),(107,9,'中   區','400'),(108,9,'東   區','401'),(109,9,'南   區','402'),(110,9,'西   區','403'),(111,9,'北   區','404'),(112,9,'北屯區','406'),(113,9,'西屯區','407'),(114,9,'南屯區','408'),(115,9,'太平區','411'),(116,9,'大里區','412'),(117,9,'霧峰區','413'),(118,9,'烏日區','414'),(119,9,'豐原區','420'),(120,9,'后里區','421'),(121,9,'石岡區','422'),(122,9,'東勢區','423'),(123,9,'和平區','424'),(124,9,'新社區','426'),(125,9,'潭子區','427'),(126,9,'大雅區','428'),(127,9,'神岡區','429'),(128,9,'大肚區','432'),(129,9,'沙鹿區','433'),(130,9,'龍井區','434'),(131,9,'梧棲區','435'),(132,9,'清水區','436'),(133,9,'大甲區','437'),(134,9,'外埔區','438'),(135,9,'大安區','439'),(136,10,'彰   化','500'),(137,10,'芬   園','502'),(138,10,'花   壇','503'),(139,10,'秀   水','504'),(140,10,'鹿   港','505'),(141,10,'福   興','506'),(142,10,'線   西','507'),(143,10,'和   美','508'),(144,10,'伸   港','509'),(145,10,'員   林','510'),(146,10,'社   頭','511'),(147,10,'永   靖','512'),(148,10,'埔   心','513'),(149,10,'溪   湖','514'),(150,10,'大   村','515'),(151,10,'埔   鹽','516'),(152,10,'田   中','520'),(153,10,'北   斗','521'),(154,10,'田   尾','522'),(155,10,'埤   頭','523'),(156,10,'溪   州','524'),(157,10,'竹   塘','525'),(158,10,'二   林','526'),(159,10,'大   城','527'),(160,10,'芳   苑','528'),(161,10,'二   水','530'),(162,11,'南   投','540'),(163,11,'中   寮','541'),(164,11,'草   屯','542'),(165,11,'國   姓','544'),(166,11,'埔   里','545'),(167,11,'仁   愛','546'),(168,11,'名   間','551'),(169,11,'集   集','552'),(170,11,'水   里','553'),(171,11,'魚   池','555'),(172,11,'信   義','556'),(173,11,'竹   山','557'),(174,11,'鹿   谷','558'),(175,12,'嘉義市','600'),(176,13,'番   路','602'),(177,13,'梅   山','603'),(178,13,'竹   崎','604'),(179,13,'阿里山','605'),(180,13,'中   埔','606'),(181,13,'大   埔','607'),(182,13,'水   上','608'),(183,13,'鹿   草','611'),(184,13,'太   保','612'),(185,13,'朴   子','613'),(186,13,'東   石','614'),(187,13,'六   腳','615'),(188,13,'新   港','616'),(189,13,'民   雄','621'),(190,13,'大   林','622'),(191,13,'溪   口','623'),(192,13,'義   竹','624'),(193,13,'布   袋','625'),(194,14,'斗   南','630'),(195,14,'大   埤','631'),(196,14,'虎   尾','632'),(197,14,'土   庫','633'),(198,14,'褒   忠','634'),(199,14,'東   勢','635'),(200,14,'臺   西','636'),(201,14,'崙   背','637'),(202,14,'麥   寮','638'),(203,14,'斗   六','640'),(204,14,'林   內','643'),(205,14,'古   坑','646'),(206,14,'莿   桐','647'),(207,14,'西   螺','648'),(208,14,'二   崙','649'),(209,14,'北   港','651'),(210,14,'水   林','652'),(211,14,'口   湖','653'),(212,14,'四   湖','654'),(213,14,'元   長','655'),(214,15,'中西 區','700'),(215,15,'東   區','701'),(216,15,'南   區','702'),(217,15,'北   區','704'),(218,15,'安平區','708'),(219,15,'安南區','709'),(220,15,'永康區','710'),(221,15,'歸仁區','711'),(222,15,'新化區','712'),(223,15,'左鎮區','713'),(224,15,'玉井區','714'),(225,15,'楠西區','715'),(226,15,'南化區','716'),(227,15,'仁德區','717'),(228,15,'關廟區','718'),(229,15,'龍崎區','719'),(230,15,'官田區','720'),(231,15,'麻豆區','721'),(232,15,'佳里區','722'),(233,15,'西港區','723'),(234,15,'七 股區','724'),(235,15,'將軍區','725'),(236,15,'學甲區','726'),(237,15,'北門區','727'),(238,15,'新營區','730'),(239,15,'後壁區','731'),(240,15,'白河區','732'),(241,15,'東山區','733'),(242,15,'六甲區','734'),(243,15,'下營區','735'),(244,15,'柳營區','736'),(245,15,'鹽水區','737'),(246,15,'善化區','741'),(247,15,'大內區','742'),(248,15,'山上區','743'),(249,15,'新市區','744'),(250,15,'安定區','745'),(251,16,'新興區','800'),(252,16,'前金區','801'),(253,16,'苓雅區','802'),(254,16,'鹽埕區','803'),(255,16,'鼓山區','804'),(256,16,'旗津區','805'),(257,16,'前鎮區','806'),(258,16,'三民區','807'),(259,16,'楠梓區','811'),(260,16,'小港區','812'),(261,16,'左營區','813'),(262,16,'仁武區','814'),(263,16,'大社區','815'),(264,16,'岡山區','820'),(265,16,'路竹區','821'),(266,16,'阿蓮區','822'),(267,16,'田寮區','823'),(268,16,'燕巢區','824'),(269,16,'橋頭區','825'),(270,16,'梓官區','826'),(271,16,'彌陀區','827'),(272,16,'永安區','828'),(273,16,'湖內區','829'),(274,16,'鳳山區','830'),(275,16,'大寮區','831'),(276,16,'林園區','832'),(277,16,'鳥松區','833'),(278,16,'大樹區','840'),(279,16,'旗山區','842'),(280,16,'美濃區','843'),(281,16,'六龜區','844'),(282,16,'內門區','845'),(283,16,'杉林區','846'),(284,16,'甲仙區','847'),(285,16,'桃源區','848'),(286,16,'那瑪夏區','849'),(287,16,'茂林區','851'),(288,16,'茄萣區','852'),(289,17,'東    沙','817'),(290,17,'南    沙','819'),(291,18,'馬   公','880'),(292,18,'西   嶼','881'),(293,18,'望   安','882'),(294,18,'七   美','883'),(295,18,'白   沙','884'),(296,18,'湖   西','885'),(297,19,'屏   東','900'),(298,19,'三地門','901'),(299,19,'霧   臺','902'),(300,19,'瑪   家','903'),(301,19,'九   如','904'),(302,19,'里   港','905'),(303,19,'高   樹','906'),(304,19,'盬   埔','907'),(305,19,'長   治','908'),(306,19,'麟   洛','909'),(307,19,'竹   田','911'),(308,19,'內   埔','912'),(309,19,'萬   丹','913'),(310,19,'潮   州','920'),(311,19,'泰   武','921'),(312,19,'來   義','922'),(313,19,'萬   巒','923'),(314,19,'崁   頂','924'),(315,19,'新   埤','925'),(316,19,'南   州','926'),(317,19,'林   邊','927'),(318,19,'東   港','928'),(319,19,'琉   球','929'),(320,19,'佳   冬','931'),(321,19,'新   園','932'),(322,19,'枋   寮','940'),(323,19,'枋   山','941'),(324,19,'春   日','942'),(325,19,'獅   子','943'),(326,19,'車   城','944'),(327,19,'牡   丹','945'),(328,19,'恆   春','946'),(329,19,'滿   州','947'),(330,20,'臺   東','950'),(331,20,'綠   島','951'),(332,20,'蘭   嶼','952'),(333,20,'延   平','953'),(334,20,'卑   南','954'),(335,20,'鹿   野','955'),(336,20,'關   山','956'),(337,20,'海   端','957'),(338,20,'池   上','958'),(339,20,'東   河','959'),(340,20,'成   功','961'),(341,20,'長   濱','962'),(342,20,'太麻里','963'),(343,20,'金   峰','964'),(344,20,'大   武','965'),(345,20,'達   仁','966'),(346,21,'花   蓮','970'),(347,21,'新   城','971'),(348,21,'秀   林','972'),(349,21,'吉   安','973'),(350,21,'壽   豐','974'),(351,21,'鳳   林','975'),(352,21,'光   復','976'),(353,21,'豐   濱','977'),(354,21,'瑞   穗','978'),(355,21,'萬   榮','979'),(356,21,'玉   里','981'),(357,21,'卓   溪','982'),(358,21,'富   里','983'),(359,22,'金   沙','890'),(360,22,'金   湖','891'),(361,22,'金   寧','892'),(362,22,'金   城','893'),(363,22,'烈   嶼','894'),(364,22,'烏   坵','896'),(365,23,'南   竿','209'),(366,23,'北   竿','210'),(367,23,'莒   光','211'),(368,23,'東   引','212');
/*!40000 ALTER TABLE `area` ENABLE KEYS */;
UNLOCK TABLES;

--
-- Table structure for table `banner`
--

DROP TABLE IF EXISTS `banner`;
/*!40101 SET @saved_cs_client     = @@character_set_client */;
/*!40101 SET character_set_client = utf8 */;
CREATE TABLE `banner` (
  `id` int(11) unsigned NOT NULL AUTO_INCREMENT,
  `p_id` int(11) DEFAULT NULL,
  `title` varchar(100) COLLATE utf8_unicode_ci DEFAULT NULL,
  `img` varchar(255) COLLATE utf8_unicode_ci DEFAULT NULL,
  `mobile_img` varchar(255) COLLATE utf8_unicode_ci DEFAULT NULL,
  `url` varchar(255) COLLATE utf8_unicode_ci NOT NULL,
  `add_time` datetime DEFAULT NULL,
  `status` int(11) DEFAULT NULL,
  `last_modify` timestamp NULL DEFAULT CURRENT_TIMESTAMP ON UPDATE CURRENT_TIMESTAMP,
  `page` varchar(255) COLLATE utf8_unicode_ci NOT NULL,
  PRIMARY KEY (`id`)
) ENGINE=InnoDB AUTO_INCREMENT=7 DEFAULT CHARSET=utf8 COLLATE=utf8_unicode_ci;
/*!40101 SET character_set_client = @saved_cs_client */;

--
-- Dumping data for table `banner`
--

LOCK TABLES `banner` WRITE;
/*!40000 ALTER TABLE `banner` DISABLE KEYS */;
INSERT INTO `banner` VALUES (1,0,'圖1','images/banner/pc/201805091209531525838993.jpg','images/banner/mobile/201709282159311506607171.jpg','https://tw.yahoo.com/','2017-09-26 23:34:17',1,'2018-05-09 04:09:53','7'),(2,0,'圖2','images/banner/pc/201710052257151507215435.jpg','images/banner/mobile/201709262335041506440104.jpg','https://tw.yahoo.com/','2017-09-26 23:35:04',1,'2018-05-02 16:10:44','6'),(3,8,'圖3','images/banner/pc/201710052257211507215441.jpg','images/banner/mobile/201710030004571506960297.jpg','https://tw.yahoo.com/','2017-09-26 23:35:16',1,'2018-03-30 07:07:00','1'),(4,1,'圖4','images/banner/pc/201710052257311507215451.jpg','images/banner/mobile/201710030005061506960306.jpg','','2017-09-26 23:35:31',1,'2018-04-26 06:09:06','1'),(5,0,'test','images/banner/pc/201805030009581525277398.jpg','images/banner/mobile/201805030009581525277398.jpg','','2018-05-03 00:09:58',1,'2018-05-07 06:01:12','7'),(6,0,'','images/banner/pc/201805091552591525852379.jpg','images/banner/mobile/201805091552591525852379.jpg','https://www.facebook.com/%E6%96%B0%E8%BE%B2%E6%A5%AD%E5%9C%B0%E6%96%B9%E5%89%B5%E7%94%9F-612673325747263/','2018-05-09 15:52:59',1,'2018-05-09 07:58:38','3');
/*!40000 ALTER TABLE `banner` ENABLE KEYS */;
UNLOCK TABLES;

--
-- Table structure for table `city`
--

DROP TABLE IF EXISTS `city`;
/*!40101 SET @saved_cs_client     = @@character_set_client */;
/*!40101 SET character_set_client = utf8 */;
CREATE TABLE `city` (
  `id` int(11) NOT NULL AUTO_INCREMENT,
  `city` varchar(50) DEFAULT NULL,
  PRIMARY KEY (`id`)
) ENGINE=MyISAM AUTO_INCREMENT=24 DEFAULT CHARSET=utf8;
/*!40101 SET character_set_client = @saved_cs_client */;

--
-- Dumping data for table `city`
--

LOCK TABLES `city` WRITE;
/*!40000 ALTER TABLE `city` DISABLE KEYS */;
INSERT INTO `city` VALUES (1,'臺北市'),(2,'基隆市'),(3,'新北市'),(4,'宜蘭縣'),(5,'新竹市'),(6,'新竹縣'),(7,'桃園縣'),(8,'苗栗縣'),(9,'臺中市'),(10,'彰化縣'),(11,'南投縣'),(12,'嘉義市'),(13,'嘉義縣'),(14,'雲林縣'),(15,'臺南市'),(16,'高雄市'),(17,'南海諸島'),(18,'澎湖縣'),(19,'屏東縣'),(20,'臺東縣'),(21,'花蓮縣'),(22,'金門縣'),(23,'連江縣');
/*!40000 ALTER TABLE `city` ENABLE KEYS */;
UNLOCK TABLES;

--
-- Table structure for table `class`
--

DROP TABLE IF EXISTS `class`;
/*!40101 SET @saved_cs_client     = @@character_set_client */;
/*!40101 SET character_set_client = utf8 */;
CREATE TABLE `class` (
  `id` int(11) unsigned NOT NULL AUTO_INCREMENT,
  `name` varchar(255) COLLATE utf8_unicode_ci DEFAULT NULL,
  `parent_id` int(11) DEFAULT NULL,
  `sort` int(11) DEFAULT NULL,
  `page` varchar(255) COLLATE utf8_unicode_ci NOT NULL,
  PRIMARY KEY (`id`)
) ENGINE=InnoDB AUTO_INCREMENT=72 DEFAULT CHARSET=utf8 COLLATE=utf8_unicode_ci;
/*!40101 SET character_set_client = @saved_cs_client */;

--
-- Dumping data for table `class`
--

LOCK TABLES `class` WRITE;
/*!40000 ALTER TABLE `class` DISABLE KEYS */;
INSERT INTO `class` VALUES (1,'女性衣著',1,0,'1'),(2,'男性衣著',2,3,'1'),(3,'3C用品',3,1,'1'),(4,'居家生活',4,4,'1'),(5,'家電家裝',5,5,'1'),(6,'寵物用品',6,6,'1'),(7,'美食',7,0,'6'),(8,'運動用品',8,2,'1'),(9,'上衣',1,1,''),(10,'T恤',9,1,''),(11,'下褲',1,2,''),(12,'裙子',1,3,''),(13,'休閑褲',11,1,''),(14,'牛仔褲',11,2,''),(15,'連衣裙',12,1,''),(16,'桌上型電腦',3,1,''),(17,'筆記型電腦',3,2,''),(18,'華碩',16,1,''),(19,'宏碁',16,2,''),(20,'華碩',17,1,''),(21,'宏碁',17,2,''),(22,'零食',7,1,''),(23,'甜點',7,2,''),(24,'飲品',7,3,''),(25,'蛋糕',7,4,''),(26,'台灣零食',22,1,''),(27,'台灣甜點',23,1,''),(28,'台灣飲品',24,1,''),(29,'台灣蛋糕',25,1,''),(30,'上衣',2,1,''),(31,'褲子',2,2,''),(32,'外套',2,3,''),(33,'T恤',30,1,''),(34,'休閒褲',31,1,''),(35,'運動外套',32,1,''),(36,'廚具',4,1,''),(37,'清潔用品',4,0,''),(38,'刀具',36,1,''),(39,'餐具',36,2,''),(40,'菜瓜布',37,1,''),(41,'清潔劑',37,2,''),(42,'冷氣',5,2,''),(43,'冰箱',5,1,''),(44,'電視',5,0,''),(45,'國際',42,1,''),(46,'聲寶',42,2,''),(47,'國際',43,1,''),(48,'聲寶',43,2,''),(49,'SONY',44,1,''),(50,'國際',44,2,''),(51,'東元',44,0,''),(52,'狗',6,1,''),(53,'貓',6,2,''),(54,'梳子',52,1,''),(55,'貓食',53,1,''),(56,'狗食',52,2,''),(57,'運動器材',8,1,''),(58,'運動服飾',8,0,''),(59,'戶外運動',8,2,''),(60,'籃球',57,1,''),(61,'棒球',57,2,''),(62,'跑步鞋',58,1,''),(63,'運動包包',58,2,''),(64,'釣竿',59,1,''),(65,'帳篷',59,2,''),(66,'日本零食',22,2,''),(67,'水果',7,5,''),(68,'台灣水果',67,1,''),(69,'電腦周邊',3,3,''),(70,'USB',69,1,''),(71,'無聊生活',71,0,'');
/*!40000 ALTER TABLE `class` ENABLE KEYS */;
UNLOCK TABLES;

--
-- Table structure for table `common_problem`
--

DROP TABLE IF EXISTS `common_problem`;
/*!40101 SET @saved_cs_client     = @@character_set_client */;
/*!40101 SET character_set_client = utf8 */;
CREATE TABLE `common_problem` (
  `id` int(11) unsigned NOT NULL AUTO_INCREMENT,
  `title` varchar(100) COLLATE utf8_unicode_ci DEFAULT NULL,
  `content` text COLLATE utf8_unicode_ci,
  `problem_type_id` int(11) DEFAULT NULL,
  PRIMARY KEY (`id`)
) ENGINE=InnoDB DEFAULT CHARSET=utf8 COLLATE=utf8_unicode_ci;
/*!40101 SET character_set_client = @saved_cs_client */;

--
-- Dumping data for table `common_problem`
--

LOCK TABLES `common_problem` WRITE;
/*!40000 ALTER TABLE `common_problem` DISABLE KEYS */;
/*!40000 ALTER TABLE `common_problem` ENABLE KEYS */;
UNLOCK TABLES;

--
-- Table structure for table `consumer_order`
--

DROP TABLE IF EXISTS `consumer_order`;
/*!40101 SET @saved_cs_client     = @@character_set_client */;
/*!40101 SET character_set_client = utf8 */;
CREATE TABLE `consumer_order` (
  `id` int(11) unsigned NOT NULL AUTO_INCREMENT,
  `order_no` varchar(255) COLLATE utf8_unicode_ci DEFAULT NULL,
  `m_id` varchar(255) COLLATE utf8_unicode_ci DEFAULT NULL,
  `pay_type` varchar(255) COLLATE utf8_unicode_ci DEFAULT NULL,
  `pay_time` datetime DEFAULT NULL,
  `o_price` int(255) DEFAULT NULL,
  `order_type_id` int(11) DEFAULT NULL,
  `order_time` datetime DEFAULT NULL,
  `addressee` int(11) DEFAULT NULL,
  `is_effective` int(11) DEFAULT NULL,
  `order_over` datetime DEFAULT NULL,
  `fb_no` varchar(255) COLLATE utf8_unicode_ci NOT NULL,
  `tradeno` varchar(255) COLLATE utf8_unicode_ci NOT NULL DEFAULT '0',
  PRIMARY KEY (`id`) USING BTREE
) ENGINE=InnoDB AUTO_INCREMENT=241 DEFAULT CHARSET=utf8 COLLATE=utf8_unicode_ci;
/*!40101 SET character_set_client = @saved_cs_client */;

--
-- Dumping data for table `consumer_order`
--

LOCK TABLES `consumer_order` WRITE;
/*!40000 ALTER TABLE `consumer_order` DISABLE KEYS */;
INSERT INTO `consumer_order` VALUES (178,'1517504298','1395978632','Credit','2018-02-02 00:58:18',300,1,'2018-02-02 00:58:18',NULL,1,'2018-02-02 00:59:05','1-1','0'),(179,'1517504444','1395978632','CVS','2018-02-02 01:00:44',150,1,'2018-02-02 01:00:44',NULL,1,'2018-02-09 01:00:46','2-3','0'),(180,'1517675608','1395978632','Credit','2018-02-04 00:33:28',150,NULL,'2018-02-04 00:33:28',NULL,0,NULL,'0','0'),(181,'1517769327','7539605201','Credit','2018-02-05 02:35:27',150,1,'2018-02-05 02:35:27',NULL,2,'2018-02-05 02:36:16','0','0'),(182,'1518019670','7539605201','CVS','2018-02-08 00:07:50',150,1,'2018-02-08 00:07:50',NULL,2,'2018-02-15 00:07:57','0','0'),(183,'1518019802','7539605201','Credit','2018-02-08 00:10:02',150,NULL,'2018-02-08 00:10:02',NULL,0,NULL,'0','0'),(184,'1518020457','7539605201','Credit','2018-02-08 00:20:57',150,NULL,'2018-02-08 00:20:57',NULL,0,NULL,'0','0'),(185,'1518021944','7539605201','Credit','2018-02-08 00:45:44',150,NULL,'2018-02-08 00:45:44',NULL,0,NULL,'0','0'),(186,'1518065994','7539605201','Credit','2018-02-08 12:59:54',150,1,'2018-02-08 12:59:54',NULL,2,'2018-02-08 13:01:09','0','0'),(187,'1518068877','7539605201','CVS','2018-02-08 13:47:57',150,1,'2018-02-08 13:47:57',NULL,2,'2018-02-15 13:48:18','0','0'),(188,'1518069087','7539605201','Credit','2018-02-08 13:51:27',150,NULL,'2018-02-08 13:51:27',NULL,0,NULL,'0','0'),(189,'1518069329','7539605201','Credit','2018-02-08 13:55:29',150,1,'2018-02-08 13:55:29',NULL,3,'2018-02-08 13:56:16','0','0'),(190,'1518071704','7539605201','CVS','2018-02-08 14:35:04',150,1,'2018-02-08 14:35:04',NULL,2,'2018-02-15 14:35:08','0','0'),(191,'1519638131','7539605201','CVS','2018-02-26 17:42:11',150,NULL,'2018-02-26 17:42:11',NULL,2,'0000-00-00 00:00:00','0','0'),(192,'1519638207','7539605201','CVS','2018-02-26 17:43:27',150,NULL,'2018-02-26 17:43:27',NULL,2,'2018-03-05 17:43:32','0','1519638207'),(193,'1519638283','7539605201','CVS','2018-02-26 17:44:43',150,NULL,'2018-02-26 17:44:43',NULL,2,'2018-03-05 17:44:49','0',''),(194,'1519638323','7539605201','CVS','2018-02-26 17:45:23',150,NULL,'2018-02-26 17:45:23',NULL,2,'2018-03-05 17:45:27','0',''),(196,'1519638394','7539605201','CVS','2018-02-26 17:46:34',150,NULL,'2018-02-26 17:46:34',NULL,2,'2018-03-05 17:46:38','0','LLL18057921834'),(197,'1519709398','7539605201','CVS','2018-02-27 13:29:58',150,1,'2018-02-27 13:29:58',NULL,2,'2018-03-06 13:30:04','0','LLL18058922253'),(198,'1519709762','7539605201','Credit','2018-02-27 13:36:02',150,1,'2018-02-27 13:36:02',NULL,2,'2018-02-27 13:36:59','0','0'),(199,'1519720711','7539605201','Credit','2018-02-27 16:38:31',150,1,'2018-02-27 16:38:31',NULL,2,'2018-02-27 16:38:58','0','0'),(200,'1519730502','1395978632','Credit','2018-02-27 19:21:42',150,1,'2018-02-27 19:21:42',NULL,1,'2018-02-27 19:22:09','1-2','0'),(201,'1519730739','7859642492','Credit','2018-02-27 19:25:39',150,1,'2018-02-27 19:25:39',NULL,1,'2018-02-27 19:26:08','0','0'),(202,'1519838815','7539605201','Credit','2018-03-01 01:26:55',150,NULL,'2018-03-01 01:26:55',NULL,0,NULL,'0','0'),(203,'1519838840','7539605201','CVS','2018-03-01 01:27:20',150,NULL,'2018-03-01 01:27:20',NULL,0,NULL,'0','0'),(204,'1519838967','7539605201','Credit','2018-03-01 01:29:27',150,NULL,'2018-03-01 01:29:27',NULL,0,NULL,'0','0'),(205,'1519839320','7539605201','Credit','2018-03-01 01:35:20',1000,1,'2018-03-01 01:35:20',NULL,2,'2018-03-01 01:36:03','0','0'),(206,'1519883683','7539605201','CVS','2018-03-01 13:54:43',1500,1,'2018-03-01 13:54:43',NULL,2,'2018-03-08 13:54:53','0','LLL18060923766'),(207,'1519883893','7539605201','Credit','2018-03-01 13:58:13',1000,1,'2018-03-01 13:58:13',NULL,2,'2018-03-01 13:59:14','0','0'),(208,'1519884229','7539605201','Credit','2018-03-01 14:03:49',150,NULL,'2018-03-01 14:03:49',NULL,1,NULL,'2-1','0'),(209,'1519884245','7539605201','Credit','2018-03-01 14:04:05',150,1,'2018-03-01 14:04:05',NULL,2,'2018-03-01 14:04:34','1-1','0'),(210,'1519886903','7539605201','Credit','2018-03-01 14:48:23',1000,NULL,'2018-03-01 14:48:23',NULL,0,NULL,'2-1','0'),(211,'1519887190','7539605201','CVS','2018-03-01 14:53:10',1500,NULL,'2018-03-01 14:53:10',NULL,0,NULL,'0','0'),(212,'1519889212','7539605201','Credit','2018-03-01 15:26:52',150,NULL,'2018-03-01 15:26:52',NULL,0,NULL,'0','0'),(213,'1519889232','7539605201','CVS','2018-03-01 15:27:12',150,NULL,'2018-03-01 15:27:12',NULL,0,NULL,'1-1','0'),(214,'1519889452','7539605201','CVS','2018-03-01 15:30:52',750,NULL,'2018-03-01 15:30:52',NULL,0,NULL,'0','0'),(215,'1519889655','7859642492','Credit','2018-03-01 15:34:15',150,NULL,'2018-03-01 15:34:15',NULL,0,NULL,'0','0'),(216,'1519889699','7859642492','CVS','2018-03-01 15:34:59',150,NULL,'2018-03-01 15:34:59',NULL,0,NULL,'0','0'),(217,'1519890123','7859642492','CVS','2018-03-01 15:42:03',1000,NULL,'2018-03-01 15:42:03',NULL,0,'2018-03-08 15:42:03','0','LLL18060506369'),(218,'1519890212','7539605201','CVS','2018-03-01 15:43:32',900,1,'2018-03-01 15:43:32',NULL,1,'2018-03-08 15:43:31','0','LLL18060506552'),(219,'1520359663','7539605201','Credit','2018-03-07 02:07:43',1300,NULL,'2018-03-07 02:07:43',NULL,0,NULL,'0','0'),(220,'1520359895','7539605201','Credit','2018-03-07 02:11:35',1300,NULL,'2018-03-07 02:11:35',NULL,0,NULL,'0','0'),(221,'1520359937','7539605201','Credit','2018-03-07 02:12:17',1300,1,'2018-03-07 02:12:17',NULL,1,'2018-03-07 02:13:08','0','0'),(222,'1521038108','7859642492','Credit','2018-03-14 22:35:08',150,1,'2018-03-14 22:35:08',NULL,1,'2018-03-14 22:36:12','0','0'),(223,'1521095296','2185639934','Credit','2018-03-15 14:28:16',650,1,'2018-03-15 14:28:16',NULL,1,'2018-03-15 14:29:28','0','0'),(224,'1521095456','2185639934','Credit','2018-03-15 14:30:56',1000,1,'2018-03-15 14:30:56',NULL,1,'2018-03-15 14:31:53','0','0'),(225,'1521428780','1395978632','Credit','2018-03-19 11:06:20',1000,1,'2018-03-19 11:06:20',NULL,1,'2018-03-19 11:07:14','0','0'),(226,'1521429402','7859642492','CVS','2018-03-19 11:16:42',1000,1,'2018-03-19 11:16:42',NULL,1,'2018-03-26 11:16:51','0','LLL18078933027'),(227,'1521429640','7859642492','Credit','2018-03-19 11:20:40',1000,1,'2018-03-19 11:20:40',NULL,1,'2018-03-19 11:21:33','0','0'),(228,'1521429740','7859642492','CVS','2018-03-19 11:22:20',1000,1,'2018-03-19 11:22:20',NULL,1,'2018-03-26 11:22:29','0','LLL18078933038'),(229,'1521429939','1395978632','Credit','2018-03-19 11:25:39',1000,1,'2018-03-19 11:25:39',NULL,1,'2018-03-19 11:26:15','0','0'),(230,'1521448959','1432489887','Credit','2018-03-19 16:42:39',300,1,'2018-03-19 16:42:39',NULL,1,'2018-03-19 16:43:04','0','0'),(231,'1522033561','7539605201','Credit','2018-03-26 11:06:01',150,1,'2018-03-26 11:06:01',NULL,1,'2018-03-26 11:06:43','0','0'),(232,'1523195104','2259919669','Credit','2018-04-08 21:45:04',150,NULL,'2018-04-08 21:45:04',NULL,0,NULL,'0','0'),(233,'1523195155','2259919669','Credit','2018-04-08 21:45:55',150,NULL,'2018-04-08 21:45:55',NULL,0,NULL,'0','0'),(234,'1523253589','7539605201','Credit','2018-04-09 13:59:49',150,1,'2018-04-09 13:59:49',NULL,1,'2018-04-09 14:00:49','0','0'),(235,'1525695278','7539605201','Credit','2018-05-07 20:14:38',150,NULL,'2018-05-07 20:14:38',NULL,0,NULL,'0','0'),(236,'1525696393','7539605201','Credit','2018-05-07 20:33:13',150,1,'2018-05-07 20:33:13',NULL,1,'2018-05-07 20:33:53','0','0'),(237,'1525696512','7539605201','Credit','2018-05-07 20:35:12',150,1,'2018-05-07 20:35:12',NULL,1,'2018-05-07 20:35:36','0','0'),(238,'1525696624','7539605201','CVS','2018-05-07 20:37:04',150,1,'2018-05-07 20:37:04',NULL,1,'2018-05-14 20:37:48','0','LLL18127960505'),(239,'1525696705','7539605201','CVS','2018-05-07 20:38:25',150,NULL,'2018-05-07 20:38:25',NULL,0,NULL,'0','0'),(240,'1525696722','7539605201','CVS','2018-05-07 20:38:42',150,NULL,'2018-05-07 20:38:42',NULL,0,'2018-05-14 20:39:26','0','LLL18127960516');
/*!40000 ALTER TABLE `consumer_order` ENABLE KEYS */;
UNLOCK TABLES;

--
-- Table structure for table `consumer_order2`
--

DROP TABLE IF EXISTS `consumer_order2`;
/*!40101 SET @saved_cs_client     = @@character_set_client */;
/*!40101 SET character_set_client = utf8 */;
CREATE TABLE `consumer_order2` (
  `id` int(11) unsigned NOT NULL AUTO_INCREMENT,
  `order1_id` int(50) DEFAULT NULL,
  `p_id` int(50) DEFAULT NULL,
  `p_name` varchar(255) COLLATE utf8_unicode_ci DEFAULT NULL,
  `p_standard` varchar(255) COLLATE utf8_unicode_ci DEFAULT NULL,
  `p_web_price` varchar(255) COLLATE utf8_unicode_ci DEFAULT NULL,
  `qty` int(255) DEFAULT NULL,
  PRIMARY KEY (`id`) USING BTREE
) ENGINE=InnoDB AUTO_INCREMENT=274 DEFAULT CHARSET=utf8 COLLATE=utf8_unicode_ci;
/*!40101 SET character_set_client = @saved_cs_client */;

--
-- Dumping data for table `consumer_order2`
--

LOCK TABLES `consumer_order2` WRITE;
/*!40000 ALTER TABLE `consumer_order2` DISABLE KEYS */;
INSERT INTO `consumer_order2` VALUES (1,1,11,'丫柏狍',NULL,'50',1),(2,2,11,'丫柏狍',NULL,'50',1),(3,3,11,'丫柏狍',NULL,'50',1),(4,4,11,'丫柏狍',NULL,'50',10),(5,5,8,'網紋哈密瓜禮盒',NULL,'50',3),(6,6,8,'網紋哈密瓜禮盒',NULL,'150',3),(7,7,8,'網紋哈密瓜禮盒',NULL,'150',1),(8,8,8,'網紋哈密瓜禮盒',NULL,'150',1),(9,8,10,'USB32G隨身碟',NULL,'150',0),(10,9,12,'fds',NULL,'332',1),(11,10,12,'fds',NULL,'332',1),(12,11,12,'fds',NULL,'332',1),(13,12,12,'fds',NULL,'332',1),(14,13,12,'fds',NULL,'332',1),(15,14,12,'fds',NULL,'332',1),(16,15,11,'丫柏狍',NULL,'50',1),(17,16,11,'丫柏狍',NULL,'50',1),(18,17,11,'丫柏狍',NULL,'1000',1),(19,18,8,'網紋哈密瓜禮盒',NULL,'150',1),(20,19,12,'fds',NULL,'332',1),(21,20,8,'網紋哈密瓜禮盒',NULL,'150',1),(22,20,10,'USB32G隨身碟',NULL,'150',100),(23,20,12,'fds',NULL,'332',1),(24,21,8,'網紋哈密瓜禮盒',NULL,'150',1),(25,21,10,'USB32G隨身碟',NULL,'150',100),(26,21,12,'fds',NULL,'332',1),(27,22,10,'USB32G隨身碟',NULL,'150',1),(28,23,10,'USB32G隨身碟',NULL,'150',1),(29,24,10,'USB32G隨身碟',NULL,'150',1),(30,25,10,'USB32G隨身碟',NULL,'150',1),(31,26,10,'USB32G隨身碟',NULL,'150',1),(32,27,10,'USB32G隨身碟',NULL,'150',1),(33,28,10,'USB32G隨身碟',NULL,'150',1),(34,29,8,'網紋哈密瓜禮盒',NULL,'150',1),(35,30,8,'網紋哈密瓜禮盒',NULL,'150',1),(36,31,8,'網紋哈密瓜禮盒',NULL,'150',1),(37,32,8,'網紋哈密瓜禮盒',NULL,'150',1),(38,33,8,'網紋哈密瓜禮盒',NULL,'150',1),(39,34,8,'網紋哈密瓜禮盒',NULL,'150',1),(40,35,8,'網紋哈密瓜禮盒',NULL,'150',1),(41,36,8,'網紋哈密瓜禮盒',NULL,'150',1),(42,37,10,'USB32G隨身碟',NULL,'150',4),(43,38,12,'fds',NULL,'332',1),(44,39,10,'USB32G隨身碟',NULL,'150',6),(45,40,8,'網紋哈密瓜禮盒',NULL,'150',1),(46,41,10,'USB32G隨身碟',NULL,'150',1),(47,42,8,'網紋哈密瓜禮盒',NULL,'150',1),(48,43,8,'網紋哈密瓜禮盒',NULL,'150',1),(49,44,10,'USB32G隨身碟',NULL,'150',1),(50,45,10,'USB32G隨身碟',NULL,'150',1),(51,46,8,'網紋哈密瓜禮盒',NULL,'150',1),(52,47,8,'網紋哈密瓜禮盒',NULL,'150',1),(53,48,8,'網紋哈密瓜禮盒',NULL,'150',1),(54,49,8,'網紋哈密瓜禮盒',NULL,'150',1),(55,50,8,'網紋哈密瓜禮盒',NULL,'150',1),(56,51,10,'USB32G隨身碟',NULL,'150',1),(57,52,8,'網紋哈密瓜禮盒',NULL,'150',1),(58,53,10,'USB32G隨身碟',NULL,'150',1),(59,54,8,'網紋哈密瓜禮盒',NULL,'150',1),(60,55,8,'網紋哈密瓜禮盒',NULL,'150',1),(61,56,12,'fds',NULL,'332',1),(62,57,8,'網紋哈密瓜禮盒',NULL,'150',4),(63,57,10,'USB32G隨身碟',NULL,'150',1),(64,58,8,'網紋哈密瓜禮盒',NULL,'150',4),(65,58,10,'USB32G隨身碟',NULL,'150',1),(66,59,10,'USB32G隨身碟',NULL,'150',4),(67,60,10,'USB32G隨身碟',NULL,'150',1),(68,61,10,'USB32G隨身碟',NULL,'150',2),(69,62,8,'網紋哈密瓜禮盒',NULL,'150',1),(70,63,10,'USB32G隨身碟',NULL,'150',2),(71,63,8,'網紋哈密瓜禮盒',NULL,'150',1),(72,64,10,'USB32G隨身碟',NULL,'150',2),(73,64,8,'網紋哈密瓜禮盒',NULL,'150',1),(74,65,10,'USB32G隨身碟',NULL,'150',2),(75,65,8,'網紋哈密瓜禮盒',NULL,'150',1),(76,66,10,'USB32G隨身碟',NULL,'150',1),(77,67,10,'USB32G隨身碟',NULL,'150',2),(78,67,8,'網紋哈密瓜禮盒',NULL,'150',1),(79,68,10,'USB32G隨身碟',NULL,'150',2),(80,68,8,'網紋哈密瓜禮盒',NULL,'150',2),(81,69,10,'USB32G隨身碟',NULL,'150',3),(82,69,8,'網紋哈密瓜禮盒',NULL,'150',4),(83,70,10,'USB32G隨身碟',NULL,'150',3),(84,70,8,'網紋哈密瓜禮盒',NULL,'150',4),(85,71,8,'網紋哈密瓜禮盒',NULL,'150',2),(86,71,10,'USB32G隨身碟',NULL,'150',2),(87,72,8,'網紋哈密瓜禮盒',NULL,'150',1),(88,73,8,'網紋哈密瓜禮盒',NULL,'150',1),(89,73,10,'USB32G隨身碟',NULL,'332',1),(90,74,8,'網紋哈密瓜禮盒',NULL,'150',4),(91,74,10,'USB32G隨身碟',NULL,'150',3),(92,75,8,'網紋哈密瓜禮盒',NULL,'150',9),(93,75,10,'USB32G隨身碟',NULL,'150',3),(94,76,8,'網紋哈密瓜禮盒',NULL,'150',1),(95,76,10,'USB32G隨身碟',NULL,'150',1),(96,77,8,'網紋哈密瓜禮盒',NULL,'150',1),(97,78,10,'USB32G隨身碟',NULL,'150',1),(98,79,10,'USB32G隨身碟',NULL,'150',1),(99,80,10,'USB32G隨身碟',NULL,'150',1),(100,81,10,'USB32G隨身碟',NULL,'150',1),(101,82,10,'USB32G隨身碟',NULL,'150',1),(102,83,10,'USB32G隨身碟',NULL,'150',1),(103,84,10,'USB32G隨身碟',NULL,'150',1),(104,85,10,'USB32G隨身碟',NULL,'150',1),(105,86,10,'USB32G隨身碟',NULL,'150',1),(106,87,10,'USB32G隨身碟',NULL,'150',1),(107,88,10,'USB32G隨身碟',NULL,'150',1),(108,89,10,'USB32G隨身碟',NULL,'150',1),(109,90,8,'網紋哈密瓜禮盒',NULL,'150',1),(110,91,8,'網紋哈密瓜禮盒',NULL,'150',1),(111,92,8,'網紋哈密瓜禮盒',NULL,'150',1),(112,93,10,'USB32G隨身碟',NULL,'150',1),(113,94,10,'USB32G隨身碟',NULL,'150',1),(114,95,8,'網紋哈密瓜禮盒',NULL,'150',1),(115,96,8,'網紋哈密瓜禮盒',NULL,'150',1),(116,97,8,'網紋哈密瓜禮盒',NULL,'150',1),(117,98,8,'網紋哈密瓜禮盒',NULL,'150',1),(118,98,10,'USB32G隨身碟',NULL,'150',1),(119,99,8,'網紋哈密瓜禮盒',NULL,'150',1),(120,99,10,'USB32G隨身碟',NULL,'150',1),(121,100,8,'網紋哈密瓜禮盒',NULL,'150',1),(122,100,10,'USB32G隨身碟',NULL,'150',1),(123,101,8,'網紋哈密瓜禮盒',NULL,'150',1),(124,101,10,'USB32G隨身碟',NULL,'150',1),(125,102,8,'網紋哈密瓜禮盒',NULL,'150',1),(126,103,8,'網紋哈密瓜禮盒',NULL,'150',1),(127,104,8,'網紋哈密瓜禮盒',NULL,'150',1),(128,105,8,'網紋哈密瓜禮盒',NULL,'150',1),(129,106,10,'USB32G隨身碟',NULL,'150',1),(130,107,10,'USB32G隨身碟',NULL,'150',1),(131,108,10,'USB32G隨身碟',NULL,'150',1),(132,109,10,'USB32G隨身碟',NULL,'150',1),(133,110,10,'USB32G隨身碟',NULL,'150',1),(134,111,10,'USB32G隨身碟',NULL,'150',1),(135,112,10,'USB32G隨身碟',NULL,'150',1),(136,113,8,'網紋哈密瓜禮盒',NULL,'150',1),(137,114,8,'網紋哈密瓜禮盒',NULL,'150',1),(138,115,8,'網紋哈密瓜禮盒',NULL,'150',1),(139,116,10,'USB32G隨身碟',NULL,'150',1),(140,117,8,'網紋哈密瓜禮盒',NULL,'150',2),(141,117,10,'USB32G隨身碟',NULL,'150',2),(142,118,10,'USB32G隨身碟',NULL,'150',1),(143,119,8,'網紋哈密瓜禮盒',NULL,'150',1),(144,120,8,'網紋哈密瓜禮盒111',NULL,'150',1),(145,121,10,'USB32G隨身碟',NULL,'150',1),(146,122,10,'USB32G隨身碟',NULL,'150',1),(147,123,10,'USB32G隨身碟',NULL,'150',1),(148,124,10,'USB32G隨身碟',NULL,'150',1),(149,125,10,'USB32G隨身碟',NULL,'150',1),(150,126,10,'USB32G隨身碟',NULL,'150',1),(151,127,10,'USB32G隨身碟',NULL,'150',1),(152,128,10,'USB32G隨身碟',NULL,'150',1),(153,129,10,'USB32G隨身碟',NULL,'150',1),(154,130,10,'USB32G隨身碟',NULL,'150',1),(155,131,10,'USB32G隨身碟',NULL,'150',1),(156,132,10,'USB32G隨身碟',NULL,'150',1),(157,133,10,'USB32G隨身碟',NULL,'150',1),(158,134,10,'USB32G隨身碟',NULL,'150',1),(159,135,10,'USB32G隨身碟',NULL,'150',1),(160,136,10,'USB32G隨身碟',NULL,'150',1),(161,137,8,'網紋哈密瓜禮盒111',NULL,'150',1),(162,138,10,'USB32G隨身碟',NULL,'150',1),(163,139,10,'USB32G隨身碟',NULL,'150',1),(164,140,10,'USB32G隨身碟',NULL,'150',1),(165,141,10,'USB32G隨身碟',NULL,'150',1),(166,142,10,'USB32G隨身碟',NULL,'150',1),(167,143,10,'USB32G隨身碟',NULL,'150',1),(168,144,10,'USB32G隨身碟',NULL,'150',1),(169,145,10,'USB32G隨身碟',NULL,'150',1),(170,146,10,'USB32G隨身碟',NULL,'150',1),(171,147,10,'USB32G隨身碟',NULL,'150',1),(172,148,10,'USB32G隨身碟',NULL,'150',1),(173,149,10,'USB32G隨身碟',NULL,'150',1),(174,150,10,'USB32G隨身碟',NULL,'150',1),(175,151,10,'USB32G隨身碟',NULL,'150',1),(176,152,8,'網紋哈密瓜禮盒111',NULL,'150',1),(177,153,8,'網紋哈密瓜禮盒111',NULL,'150',1),(178,154,8,'網紋哈密瓜禮盒111',NULL,'150',1),(179,155,10,'USB32G隨身碟',NULL,'150',1),(180,156,10,'USB32G隨身碟',NULL,'150',1),(181,157,10,'USB32G隨身碟',NULL,'150',1),(182,158,10,'USB32G隨身碟',NULL,'150',1),(183,159,10,'USB32G隨身碟',NULL,'150',1),(184,160,10,'USB32G隨身碟',NULL,'150',1),(185,161,10,'USB32G隨身碟',NULL,'150',1),(186,162,10,'USB32G隨身碟',NULL,'150',1),(187,163,10,'USB32G隨身碟',NULL,'150',1),(188,164,0,'',NULL,'',0),(189,165,10,'USB32G隨身碟',NULL,'150',1),(190,166,10,'USB32G隨身碟',NULL,'150',1),(191,167,10,'USB32G隨身碟',NULL,'150',1),(192,168,10,'USB32G隨身碟',NULL,'150',1),(193,169,10,'USB32G隨身碟',NULL,'150',1),(194,170,10,'USB32G隨身碟',NULL,'150',1),(195,171,10,'USB32G隨身碟',NULL,'150',1),(196,172,10,'USB32G隨身碟',NULL,'150',1),(197,173,10,'USB32G隨身碟',NULL,'150',1),(198,174,10,'USB32G隨身碟',NULL,'150',1),(199,175,10,'USB32G隨身碟',NULL,'150',1),(200,176,10,'USB32G隨身碟',NULL,'150',1),(201,177,10,'USB32G隨身碟',NULL,'150',1),(202,178,8,'網紋哈密瓜禮盒111',NULL,'150',1),(203,178,10,'USB32G隨身碟',NULL,'150',1),(204,179,10,'USB32G隨身碟',NULL,'150',1),(205,180,10,'USB32G隨身碟',NULL,'150',1),(206,181,10,'USB32G隨身碟',NULL,'150',1),(207,182,10,'USB32G隨身碟',NULL,'150',1),(208,183,10,'USB32G隨身碟',NULL,'150',1),(209,184,10,'USB32G隨身碟',NULL,'150',1),(210,185,10,'USB32G隨身碟',NULL,'150',1),(211,186,10,'USB32G隨身碟',NULL,'150',1),(212,187,10,'USB32G隨身碟',NULL,'150',1),(213,188,10,'USB32G隨身碟',NULL,'150',1),(214,189,8,'網紋哈密瓜禮盒111',NULL,'150',1),(215,190,8,'網紋哈密瓜禮盒111',NULL,'150',1),(216,191,10,'USB32G隨身碟',NULL,'150',1),(217,192,10,'USB32G隨身碟',NULL,'150',1),(218,193,10,'USB32G隨身碟',NULL,'150',1),(219,194,10,'USB32G隨身碟',NULL,'150',1),(220,195,10,'USB32G隨身碟',NULL,'150',1),(221,196,10,'USB32G隨身碟',NULL,'150',1),(222,197,10,'USB32G隨身碟',NULL,'150',1),(223,198,10,'USB32G隨身碟',NULL,'150',1),(224,199,10,'USB32G隨身碟',NULL,'150',1),(225,200,10,'USB32G隨身碟',NULL,'150',1),(226,201,10,'USB32G隨身碟',NULL,'150',1),(227,202,10,'USB32G隨身碟',NULL,'150',1),(228,203,10,'USB32G隨身碟',NULL,'150',1),(229,204,10,'USB32G隨身碟',NULL,'150',1),(230,205,11,'dog',NULL,'1000',1),(231,206,10,'USB32G隨身碟',NULL,'150',10),(232,207,11,'dog',NULL,'1000',1),(233,208,10,'USB32G隨身碟',NULL,'150',1),(234,209,10,'USB32G隨身碟',NULL,'150',1),(235,210,11,'dog',NULL,'1000',1),(236,211,10,'USB32G隨身碟',NULL,'150',10),(237,212,10,'USB32G隨身碟',NULL,'150',1),(238,213,10,'USB32G隨身碟',NULL,'150',1),(239,214,10,'USB32G隨身碟',NULL,'150',5),(240,215,10,'USB32G隨身碟',NULL,'150',1),(241,216,10,'USB32G隨身碟',NULL,'150',1),(242,217,11,'dog',NULL,'1000',1),(243,218,8,'網紋哈密瓜禮盒111',NULL,'150',6),(244,219,8,'網紋哈密瓜禮盒111',NULL,'150',1),(245,219,11,'dog',NULL,'1000',1),(246,219,10,'USB32G隨身碟',NULL,'150',1),(247,220,8,'網紋哈密瓜禮盒111',NULL,'150',1),(248,220,11,'dog',NULL,'1000',1),(249,220,10,'USB32G隨身碟',NULL,'150',1),(250,221,8,'網紋哈密瓜禮盒111',NULL,'150',1),(251,221,11,'dog',NULL,'1000',1),(252,221,10,'USB32G隨身碟',NULL,'150',1),(253,222,10,'USB32G隨身碟',NULL,'150',1),(254,223,10,'USB32G隨身碟',NULL,'150',1),(255,223,16,'test1',NULL,'500',1),(256,224,11,'dog',NULL,'1000',1),(257,225,11,'dog',NULL,'1000',1),(258,226,11,'dog',NULL,'1000',1),(259,227,11,'dog',NULL,'1000',1),(260,228,11,'dog',NULL,'1000',1),(261,229,11,'dog',NULL,'1000',1),(262,230,8,'網紋哈密瓜禮盒111',NULL,'150',1),(263,230,10,'USB32G隨身碟',NULL,'150',1),(264,231,8,'網紋哈密瓜禮盒111',NULL,'150',1),(265,232,10,'USB32G隨身碟',NULL,'150',1),(266,233,10,'USB32G隨身碟',NULL,'150',1),(267,234,10,'USB32G隨身碟',NULL,'150',1),(268,235,8,'網紋哈密瓜禮盒111',NULL,'150',1),(269,236,8,'網紋哈密瓜禮盒111',NULL,'150',1),(270,237,8,'網紋哈密瓜禮盒111',NULL,'150',1),(271,238,8,'網紋哈密瓜禮盒111',NULL,'150',1),(272,239,8,'網紋哈密瓜禮盒111',NULL,'150',1),(273,240,8,'網紋哈密瓜禮盒111',NULL,'150',1);
/*!40000 ALTER TABLE `consumer_order2` ENABLE KEYS */;
UNLOCK TABLES;

--
-- Table structure for table `convert_info`
--

DROP TABLE IF EXISTS `convert_info`;
/*!40101 SET @saved_cs_client     = @@character_set_client */;
/*!40101 SET character_set_client = utf8 */;
CREATE TABLE `convert_info` (
  `id` int(11) unsigned NOT NULL AUTO_INCREMENT,
  `bonus_pid` int(100) DEFAULT NULL,
  `title` varchar(255) COLLATE utf8_unicode_ci DEFAULT NULL,
  `bonus_price` int(255) DEFAULT NULL,
  `people` varchar(255) COLLATE utf8_unicode_ci DEFAULT NULL,
  `is_use` int(11) DEFAULT NULL,
  `convert_date` datetime DEFAULT NULL,
  PRIMARY KEY (`id`)
) ENGINE=InnoDB AUTO_INCREMENT=27 DEFAULT CHARSET=utf8 COLLATE=utf8_unicode_ci;
/*!40101 SET character_set_client = @saved_cs_client */;

--
-- Dumping data for table `convert_info`
--

LOCK TABLES `convert_info` WRITE;
/*!40000 ALTER TABLE `convert_info` DISABLE KEYS */;
INSERT INTO `convert_info` VALUES (1,109,'曼仕德',30,'1521669137852313',1,'2017-11-07 14:38:57'),(2,108,'八寶粥',30,'1521669137852313',1,'2017-11-08 15:37:05'),(3,108,'八寶粥',30,'7539605201',0,'2017-11-08 15:52:10'),(4,107,'可爾必思can',20,'1521669137852313',1,'2017-11-16 14:30:04'),(5,107,'可爾必思can',20,'1521669137852313',1,'2017-11-16 14:44:04'),(6,1,'Kevin-1',99,'7539605201',0,'2017-11-28 15:16:17'),(7,109,'曼仕德',30,'7539605201',0,'2017-11-28 15:16:21'),(8,108,'八寶粥',30,'7539605201',0,'2017-11-28 15:16:25'),(9,152,'禮物盒(NEW)',10,'1721432915',0,'2017-12-04 15:17:37'),(10,1,'Kevin-1',99,'9387917291',1,'2017-12-06 15:27:05'),(11,107,'可爾必思can',20,'9387917291',1,'2017-12-06 15:27:25'),(12,107,'可爾必思can',20,'9387917291',0,'2017-12-06 15:27:35'),(13,108,'八寶粥',30,'9387917291',0,'2017-12-06 15:28:10'),(14,152,'禮物盒(NEW)',10,'1721432915',0,'2017-12-15 15:15:15'),(15,107,'可爾必思can',20,'1721432915',0,'2017-12-15 17:22:24'),(16,107,'可爾必思can',20,'1721432915',0,'2017-12-15 17:23:45'),(17,107,'可爾必思can',20,'1721432915',0,'2018-01-10 15:45:13'),(18,152,'禮物盒(NEW)',10,'1721432915',0,'2018-01-23 17:27:22'),(19,107,'可爾必思can',20,'7539605201',0,'2018-03-01 18:35:36'),(20,108,'八寶粥',30,'7539605201',0,'2018-03-01 19:25:48'),(21,107,'可爾必思can',20,'7539605201',0,'2018-03-05 13:41:13'),(22,107,'可爾必思can',20,'7539605201',0,'2018-03-13 16:47:54'),(23,109,'曼仕德',30,'2185639934',0,'2018-03-15 14:30:02'),(24,107,'可爾必思can',20,'1395978632',0,'2018-03-19 11:09:09'),(25,109,'曼仕德',30,'7539605201',0,'2018-03-26 11:07:09'),(26,109,'曼仕德',30,'7539605201',0,'2018-04-02 11:13:45');
/*!40000 ALTER TABLE `convert_info` ENABLE KEYS */;
UNLOCK TABLES;

--
-- Table structure for table `fans_data`
--

DROP TABLE IF EXISTS `fans_data`;
/*!40101 SET @saved_cs_client     = @@character_set_client */;
/*!40101 SET character_set_client = utf8 */;
CREATE TABLE `fans_data` (
  `id` int(255) NOT NULL AUTO_INCREMENT,
  `name` varchar(255) COLLATE utf8_unicode_ci NOT NULL,
  `fb_id` varchar(255) COLLATE utf8_unicode_ci NOT NULL,
  `manager_no` varchar(255) COLLATE utf8_unicode_ci NOT NULL,
  PRIMARY KEY (`id`)
) ENGINE=InnoDB AUTO_INCREMENT=5 DEFAULT CHARSET=utf8 COLLATE=utf8_unicode_ci;
/*!40101 SET character_set_client = @saved_cs_client */;

--
-- Dumping data for table `fans_data`
--

LOCK TABLES `fans_data` WRITE;
/*!40000 ALTER TABLE `fans_data` DISABLE KEYS */;
INSERT INTO `fans_data` VALUES (1,'農易生活a組','140067323380163','259471761'),(2,'農易生活b組','140067323380163','259471761'),(3,'咖瓦小品','168795750390849','25947176123'),(4,'咖啡電','168795750390849','259471761456');
/*!40000 ALTER TABLE `fans_data` ENABLE KEYS */;
UNLOCK TABLES;

--
-- Table structure for table `fb`
--

DROP TABLE IF EXISTS `fb`;
/*!40101 SET @saved_cs_client     = @@character_set_client */;
/*!40101 SET character_set_client = utf8 */;
CREATE TABLE `fb` (
  `id` int(10) unsigned NOT NULL AUTO_INCREMENT,
  `fb_email` varchar(255) COLLATE utf8_unicode_ci DEFAULT NULL,
  `fb_name` varchar(255) COLLATE utf8_unicode_ci DEFAULT NULL,
  `fb_id` varchar(255) COLLATE utf8_unicode_ci DEFAULT NULL,
  `id_card` varchar(20) COLLATE utf8_unicode_ci DEFAULT NULL,
  `birthday` date DEFAULT NULL,
  `sex` int(11) DEFAULT NULL,
  `city_id` int(11) DEFAULT NULL,
  `area_id` int(11) DEFAULT NULL,
  `address` varchar(255) COLLATE utf8_unicode_ci DEFAULT NULL,
  `cellphone` varchar(30) COLLATE utf8_unicode_ci DEFAULT NULL,
  `line` varchar(255) COLLATE utf8_unicode_ci DEFAULT NULL,
  `bonus` int(255) DEFAULT NULL,
  `profit` int(255) DEFAULT NULL,
  `registration_time` datetime DEFAULT NULL,
  `last_modify` timestamp NOT NULL DEFAULT CURRENT_TIMESTAMP ON UPDATE CURRENT_TIMESTAMP,
  `imei` text COLLATE utf8_unicode_ci,
  `reg_id` text COLLATE utf8_unicode_ci,
  `identity` varchar(20) COLLATE utf8_unicode_ci DEFAULT NULL,
  `status` int(11) DEFAULT NULL,
  PRIMARY KEY (`id`)
) ENGINE=InnoDB AUTO_INCREMENT=12 DEFAULT CHARSET=utf8 COLLATE=utf8_unicode_ci;
/*!40101 SET character_set_client = @saved_cs_client */;

--
-- Dumping data for table `fb`
--

LOCK TABLES `fb` WRITE;
/*!40000 ALTER TABLE `fb` DISABLE KEYS */;
INSERT INTO `fb` VALUES (1,'johnp340@yahoo.com.tw','蔡嘉俊','1521669137852313','S123456781','1992-01-28',1,16,261,'Xx路37號','0989333555','',460,NULL,'2017-08-31 11:38:35','2017-12-13 05:57:13','','','member',1),(2,'stanlei80@hotmail.com','stanlei','1542700692469768',NULL,NULL,NULL,NULL,NULL,NULL,NULL,NULL,NULL,NULL,'2017-10-04 11:19:49','2017-11-01 13:23:59','357916074553179','APA91bErBROAWc1Fsl0eLtviYmRWj2qNdlz_RPrjUjbnTXt6TPBxUhhMtkSS54V0jseVO7H-4OyVjc9WG6ut1ovjyUxO2J3HRd5Oi2oQ9kTrJJptX7iKS27UWTMmZx9ICvXU79vCUilS','member',1),(3,'weichih@ccms.nkfust.edu.tw','徐偉智','1621929261158970',NULL,NULL,NULL,NULL,NULL,NULL,NULL,NULL,NULL,NULL,'2017-10-05 22:23:17','2017-10-05 14:23:23','359057062482788','APA91bETH5ZxodSyoKN0VdpcEcMcnYpKFSF8li6ahqLhjjGwhlVZm0c9xfCoYXSp_WAmINfgjsbV-qWwS1OwvX7tD4EoDBWifBAZKDvcnUk1oAkRc2Ff8jhk050SxaYusBPSZe8wF0zM','member',1),(9,'johnp34022@gmail.com','黃約翰','564202797301153','S123356657','2017-12-08',0,0,0,'Xx路','0988765432',NULL,NULL,NULL,'2017-12-08 18:24:24','2017-12-20 15:13:06','352195070606290','APA91bGu9KdVaLU0-UR2iWVTkh2649h16OvUUPEGhPJ6Zce6PNzuKpUKA--g8ihYIzzJTJ43LATXuV9bEl4nWosGkORiapI9n3yfzWwAK2fff0qgdep6FOz3EybJlBPAubEAm9nqmw2X','member',1),(10,'poan0627@gmail.com','紀翔','1965207486827552',NULL,NULL,NULL,NULL,NULL,NULL,NULL,NULL,NULL,NULL,'2017-12-15 12:09:33','2017-12-15 04:09:43','865239031400110','APA91bGXKShtf7doxEJkqSZCBs8jgZr1wGqCG44F-39ETZUWcSmNOZjHTQK12bXgwO2Y5jMPV8kpj-d1k8XDFJooY5WejI4l2G0iBTHqZmjVS0se4mlgtxwIPV_K1falUNl9fTSZ4ls0','member',1),(11,'johnp34022@gmail.com','黃約翰','564202797301153',NULL,NULL,NULL,NULL,NULL,NULL,NULL,NULL,NULL,NULL,'2017-12-20 23:13:03','2017-12-20 15:13:06','867271150282712','APA91bGu9KdVaLU0-UR2iWVTkh2649h16OvUUPEGhPJ6Zce6PNzuKpUKA--g8ihYIzzJTJ43LATXuV9bEl4nWosGkORiapI9n3yfzWwAK2fff0qgdep6FOz3EybJlBPAubEAm9nqmw2X','member',1);
/*!40000 ALTER TABLE `fb` ENABLE KEYS */;
UNLOCK TABLES;

--
-- Table structure for table `fb_fans`
--

DROP TABLE IF EXISTS `fb_fans`;
/*!40101 SET @saved_cs_client     = @@character_set_client */;
/*!40101 SET character_set_client = utf8 */;
CREATE TABLE `fb_fans` (
  `id` int(255) NOT NULL AUTO_INCREMENT,
  `name` varchar(255) COLLATE utf8_unicode_ci NOT NULL,
  `page` varchar(255) COLLATE utf8_unicode_ci NOT NULL,
  `storetime` datetime NOT NULL,
  `ip` varchar(255) COLLATE utf8_unicode_ci NOT NULL,
  `fans_id` int(10) NOT NULL,
  PRIMARY KEY (`id`)
) ENGINE=InnoDB AUTO_INCREMENT=48 DEFAULT CHARSET=utf8 COLLATE=utf8_unicode_ci;
/*!40101 SET character_set_client = @saved_cs_client */;

--
-- Dumping data for table `fb_fans`
--

LOCK TABLES `fb_fans` WRITE;
/*!40000 ALTER TABLE `fb_fans` DISABLE KEYS */;
INSERT INTO `fb_fans` VALUES (27,'農易生活a組','1-3','2018-01-24 22:40:28','118.171.14.152',1),(28,'農易生活a組','1-1','2018-01-24 22:41:46','118.171.14.152',1),(29,'農易生活a組','1-1','2018-01-29 22:41:47','218.164.217.111',1),(30,'農易生活a組','1-2','2018-01-24 22:41:51','118.171.14.152',1),(31,'咖瓦小品(A組)','3-1','2018-01-30 22:42:14','118.171.14.152',3),(32,'農易生活a組','1-4','2018-01-24 22:42:14','218.164.217.111',1),(33,'農易生活a組','1-3','2018-01-31 22:42:28','218.164.217.111',1),(34,'農易生活a組','1-2','2018-01-24 22:42:41','218.164.217.111',1),(35,'農易生活b組','2-1','2018-01-24 22:43:52','218.164.217.111',2),(36,'農易生活b組','2-1','2018-01-24 22:45:06','118.171.14.152',2),(37,'農易生活a組','1-1','2018-02-02 00:57:36','114.33.205.81',1),(38,'農易生活b組','2-3','2018-02-02 01:00:34','114.33.205.81',2),(39,'農易生活a組','1-3','2018-01-25 22:40:28','118.171.14.152',1),(40,'農易生活a組','1-3','2018-01-24 22:40:28','118.171.14.152',1),(41,'農易生活a組','1-3','2018-01-26 22:40:28','118.171.14.152',1),(42,'農易生活a組','1-3','2018-01-24 22:40:28','118.171.14.152',1),(43,'農易生活a組','1-3','2018-01-06 22:40:28','118.171.14.152',1),(44,'農易生活a組','1-3','2018-01-24 22:40:28','118.171.14.152',1),(45,'農易生活a組','1-3','2018-01-24 22:40:28','118.171.14.152',1),(46,'農易生活a組','1-1','2018-04-25 16:12:58','163.18.62.33',1),(47,'農易生活b組','2-1','2018-04-25 16:14:10','163.18.62.33',2);
/*!40000 ALTER TABLE `fb_fans` ENABLE KEYS */;
UNLOCK TABLES;

--
-- Table structure for table `fn_set`
--

DROP TABLE IF EXISTS `fn_set`;
/*!40101 SET @saved_cs_client     = @@character_set_client */;
/*!40101 SET character_set_client = utf8 */;
CREATE TABLE `fn_set` (
  `id` int(11) unsigned NOT NULL AUTO_INCREMENT,
  `name` varchar(255) COLLATE utf8_unicode_ci DEFAULT NULL,
  `url` varchar(255) COLLATE utf8_unicode_ci DEFAULT NULL,
  `icon` varchar(20) COLLATE utf8_unicode_ci DEFAULT NULL,
  `identity` varchar(11) COLLATE utf8_unicode_ci DEFAULT NULL,
  `parent_id` int(11) DEFAULT NULL,
  `sort` int(11) DEFAULT NULL,
  PRIMARY KEY (`id`)
) ENGINE=InnoDB AUTO_INCREMENT=33 DEFAULT CHARSET=utf8 COLLATE=utf8_unicode_ci;
/*!40101 SET character_set_client = @saved_cs_client */;

--
-- Dumping data for table `fn_set`
--

LOCK TABLES `fn_set` WRITE;
/*!40000 ALTER TABLE `fn_set` DISABLE KEYS */;
INSERT INTO `fn_set` VALUES (1,'總管理','#','icon-user','admin',1,1),(5,'條例管理','#',NULL,'admin',1,2),(6,'條例設置','home.php?url=rule',NULL,'admin',5,1),(7,'條例類型設置','home.php?url=rule_type',NULL,'admin',5,2),(8,'會員管理','#',NULL,'admin',1,3),(9,'會員列表','home.php?url=member',NULL,'admin',8,1),(10,'系統參數設置','#',NULL,'admin',1,8),(11,'行銷經理列表','home.php?url=seller_manager',NULL,'admin',8,3),(12,'供應商管理','#',NULL,'admin',1,4),(13,'商品管理','#',NULL,'admin',1,5),(14,'刊登商品','home.php?url=product',NULL,'admin',13,2),(15,'商品圖片管理','home.php?url=product_img',NULL,'admin',13,3),(16,'商品類別設置','home.php?url=p_class',NULL,'admin',13,1),(17,'前端輪播廣告管理','home.php?url=banner',NULL,'admin',10,1),(18,'FB註冊會員','home.php?url=fb_member',NULL,'admin',8,2),(19,'推播管理','#',NULL,'admin',1,7),(20,'一般會員推播','home.php?url=push_member',NULL,'admin',19,1),(21,'FB註冊會員推播','home.php?url=push_fb_member',NULL,'admin',19,2),(22,'訂單管理','#',NULL,'admin',1,6),(23,'訂單列表','home.php?url=order_list',NULL,'admin',22,1),(26,'常見問題Q&A','home.php?url=question',NULL,'admin',5,3),(28,'頁面管理','home.php?url=page_view',NULL,'admin',10,2),(29,'供應商審核','home.php?url=supplier_check',NULL,'admin',12,1),(30,'供應商列表','home.php?url=supplier',NULL,'admin',12,2),(31,'供應商頁面管理','home.php?url=supplier_page',NULL,'admin',12,3),(32,'搜尋','home.php?url=search',NULL,'admin',1,9);
/*!40000 ALTER TABLE `fn_set` ENABLE KEYS */;
UNLOCK TABLES;

--
-- Table structure for table `gadata`
--

DROP TABLE IF EXISTS `gadata`;
/*!40101 SET @saved_cs_client     = @@character_set_client */;
/*!40101 SET character_set_client = utf8 */;
CREATE TABLE `gadata` (
  `id` int(255) NOT NULL,
  `lasttime` date NOT NULL,
  `pathname` varchar(255) COLLATE utf8_unicode_ci NOT NULL,
  `sevenday` varchar(255) COLLATE utf8_unicode_ci NOT NULL,
  `fourteenday` varchar(255) COLLATE utf8_unicode_ci NOT NULL,
  `thirtyday` varchar(255) COLLATE utf8_unicode_ci NOT NULL,
  PRIMARY KEY (`id`)
) ENGINE=InnoDB DEFAULT CHARSET=utf8 COLLATE=utf8_unicode_ci;
/*!40101 SET character_set_client = @saved_cs_client */;

--
-- Dumping data for table `gadata`
--

LOCK TABLES `gadata` WRITE;
/*!40000 ALTER TABLE `gadata` DISABLE KEYS */;
INSERT INTO `gadata` VALUES (0,'2018-05-07','/index.php?url=product_detail&product_id=62','6885','11217','12185'),(1,'2018-05-07','/index.php?url=fb_search','5264','10083','12015'),(2,'2018-05-07','/17mai/','1410','6937','9048'),(3,'2018-05-07','/welfare/index.php?url=introduce&supplier_id=14','1012','5264','7017'),(4,'2018-05-07','/','754','4428','5525'),(5,'2018-05-07','/index.php','625','2780','5457'),(6,'2018-05-07','/17mai/index.php?url=product&pid=','585','2764','5264'),(7,'2018-05-07','/index.php?url=product_detail&product_id=63','360','1735','4428'),(8,'2018-05-07','/index.php?url=member_center','331','1658','4025'),(9,'2018-05-07','/index.php?url=product_detail&product_id=63&pid=5','171','1504','2764'),(10,'2018-05-07','/index.php?url=product&pid=5','130','1410','1895'),(11,'2018-05-07','/welfare/index.php?url=product_detail&product_id=66','118','1102','1783'),(12,'2018-05-07','/index.php?url=product_detail&product_id=26','70','1079','1764'),(13,'2018-05-07','/welfare/index.php','59','1012','1764'),(14,'2018-05-07','/index.php?url=introduce&supplier_id=13','44','905','1734'),(15,'2018-05-07','/index.php?url=product_detail&product_id=50&fb_no=2-6&manager_id=261786843&fb_no=1-10','27','826','1689'),(16,'2018-05-07','/index.php?url=product_detail&product_id=38','26','755','1668'),(17,'2018-05-07','/index.php?url=product_detail&product_id=14&pid=7','24','754','1665'),(18,'2018-05-07','/welfare/index.php?url=product_detail&product_id=61','20','678','1565'),(19,'2018-05-07','/index.php?url=product_detail&product_id=64','17','645','1504'),(20,'2018-05-07','/index.php?url=to_manager','13','585','1481'),(21,'2018-05-07','/17mai/index.php?url=member_info','13','402','1410'),(22,'2018-05-07','/index.php?url=product_detail&product_id=14&manager_id=324573185&fb_no=4-20','13','331','1393'),(23,'2018-05-07','/index.php?url=product&pid=7','12','223','1270'),(24,'2018-05-07','/welfare/index.php?url=product_detail&product_id=63','11','199','1211'),(25,'2018-05-07','/index.php?url=introduce&supplier_id=14','10','181','1208'),(26,'2018-05-07','/welfare/index.php?url=product&pid=7','8','168','1139'),(27,'2018-05-07','/welfare/index.php?url=product_detail&product_id=62','7','142','1116'),(28,'2018-05-07','/index.php?url=product&pid=81','7','141','1068'),(29,'2018-05-07','/index.php?url=product_detail&product_id=56','6','130','1067'),(30,'2018-05-07','/welfare/','5','119','1066'),(31,'2018-05-07','/index.php?url=introduce&supplier_id=11','5','118','1043'),(32,'2018-05-07','/17mai/index.php?url=product&pid=1','3','109','1012'),(33,'2018-05-07','/index.php?url=introduce&supplier_id=12','3','107','1002'),(34,'2018-05-07','/welfare/index.php?url=product&pid=80','3','100','982'),(35,'2018-05-07','/index.php?url=product_detail&product_id=26&manager_id=283888774','2','97','960'),(36,'2018-05-07','/index.php?url=login','2','85','898'),(37,'2018-05-07','/index.php?url=supplier_product&sid=11','1','84','875'),(38,'2018-05-07','/index.php?url=product_detail&product_id=32','0','53','809'),(39,'2018-05-07','/index.php?url=product&pid=82','0','45','806'),(40,'2018-05-07','/index.php?url=product_detail&product_id=39','0','41','802'),(41,'2018-05-07','/17mai/index.php?url=to_manager','0','40','754'),(42,'2018-05-07','/welfare/index.php?url=supplier_product&sid=14','0','39','606'),(43,'2018-05-07','0','0','38','596'),(44,'2018-05-07','/17mai/index.php','','38','585'),(45,'2018-05-07','/index.php?url=supplier_product&sid=13','','31','554'),(46,'2018-05-07','/index.php?url=product_detail&product_id=14','','27','550'),(47,'2018-05-07','/index.php?url=product_detail&product_id=25','','22','498'),(48,'2018-05-07','/welfare/index.php?url=product_detail&product_id=65','','19','489'),(49,'2018-05-07','/welfare/index.php?url=supplier_product&sid=13','','17','462'),(50,'2018-05-07','/index.php?url=member_info','','15','454'),(52,'2018-05-07','/welfare/index.php?url=product_detail&product_id=64','','13','349'),(53,'2018-05-07','0','','13','312'),(54,'2018-05-07','/index.php?url=product&pid=8','','13','302'),(55,'2018-05-07','/index.php?url=product&pid=80','','12','265'),(56,'2018-05-07','/index.php?url=product&pid=76','','11','239'),(57,'2018-05-07','0','','10','238'),(58,'2018-05-07','/welfare/index.php?url=product&pid=83','','9','228'),(59,'2018-05-07','/index.php?url=product&pid=0','','7','208'),(60,'2018-05-07','/index.php?url=supplier_product&sid=12','','7','199'),(61,'2018-05-07','/index.php?url=product&pid=79','','6','194'),(62,'2018-05-07','/index.php?url=product&pid=6','','6','170'),(63,'2018-05-07','/index.php?url=supplier_product&sid=14','','5','158'),(64,'2018-05-07','/index.php?url=profit_search','','5','145'),(65,'2018-05-07','/index.php?url=cart','','4','139'),(66,'2018-05-07','0','','3','137'),(67,'2018-05-07','/17mai/index.php?url=member_center','','3','130'),(68,'2018-05-07','/17mai/index.php?url=login','','3','118'),(69,'2018-05-07','/welfare/index.php?url=product&pid=5','','3','118'),(70,'2018-05-07','0','','3','113'),(72,'2018-05-07','0','','2','100'),(73,'2018-05-07','/index.php?url=admin','','2','98'),(74,'2018-05-07','/index.php?url=product_detail&product_id=14&manager_id=324573185&fb_no=3-14','','2','97'),(75,'2018-05-07','/index.php?url=product&pid=73','','1','85'),(76,'2018-05-07','/index.php?url=product_detail&product_id=14&manager_id=324573185&fb_no=3-13','','1','85'),(77,'2018-05-07','/index.php?url=product_detail&product_id=60','','0','85'),(78,'2018-05-07','/index.php?url=product_detail&product_id=50&fb_no=2-6&manager_id=261786843&fb_no=2-6','','0','83'),(79,'2018-05-07','/welfare/index.php?url=product&pid=14','','0','78'),(80,'2018-05-07','/index.php?url=product&pid=84','','0','77'),(81,'2018-05-07','0','','0','74'),(82,'2018-05-07','/index.php?url=product_detail&product_id=43','','0','70'),(83,'2018-05-07','/index.php?url=product&pid=78','','0','69'),(84,'2018-05-07','/index.php?url=pay_check','','0','65'),(86,'2018-05-07','/index.php?url=product_detail&product_id=60&pid=82','','0','60'),(88,'2018-05-07','0','','0','54'),(90,'2018-05-07','/index.php?url=product&pid=-76 order by 1 --','','','48'),(92,'2018-05-07','/index.php?url=app_download','','','40'),(93,'2018-05-07','/index.php?url=bonus_search','','','39'),(94,'2018-05-07','/index.php?url=order_search','','','38'),(96,'2018-05-07','/index.php?url=product_detail&product_id=57','','','37'),(97,'2018-05-07','/index.php?url=product_detail&product_id=61','','','36'),(98,'2018-05-07','/index.php?url=product&pid=74','','','31'),(101,'2018-05-07','/index.php?url=product_detail&product_id=50&fb_no=2-6&manager_id=261786843&fb_no=1-1','','','27'),(103,'2018-05-07','/welfare/index.php?url=introduce&supplier_id=13','','','23'),(104,'2018-05-07','/index.php?url=product_detail&product_id=58','','','22'),(105,'2018-05-07','/index.php?url=product_detail&product_id=62&pid=84','','','22'),(106,'2018-05-07','/welfare/index.php?url=product&pid=84','','','22'),(108,'2018-05-07','/index.php?url=bonus_use','','','19'),(110,'2018-05-07','/index.php?url=product_detail&product_id=50&fb_no=2-6&manager_id=261786843&fb_no=1-7','','','19'),(111,'2018-05-07','/index.php?url=product_detail&product_id=54','','','18'),(112,'2018-05-07','0','','','17'),(114,'2018-05-07','/welfare/index.php?url=product&pid=8','','','15'),(116,'2018-05-07','/index.php?url=product&pid=77','','','14'),(118,'2018-05-07','/index.php?url=product_detail&product_id=30','','','13'),(121,'2018-05-07','/index.php?url=product_detail&product_id=64&pid=7','','','11'),(122,'2018-05-07','/index.php?url=product_detail&product_id=14&manager_id=324573185&fb_no=4-17','','','10'),(123,'2018-05-07','/index.php?url=load_info&type=set_login&imei=358256071706309','','','9'),(125,'2018-05-07','0','','','9'),(126,'2018-05-07','0','','','9'),(130,'2018-05-07','/index.php?url=product&pid[]=','','','9'),(131,'2018-05-07','/welfare/index.php?url=introduce&supplier_id=11','','','9'),(133,'2018-05-07','0','','','8'),(134,'2018-05-07','0','','','8'),(137,'2018-05-07','/index.php?url=product_detail&product_id=59','','','8'),(138,'2018-05-07','/index.php?url=wishlist','','','8'),(141,'2018-05-07','0','','','7'),(142,'2018-05-07','0','','','7'),(144,'2018-05-07','/welfare/index.php?url=product&pid=78','','','7'),(145,'2018-05-07','/17mai/index.php?url=order_search','','','6'),(146,'2018-05-07','/index.php?url=product&pid=76 or 1=2--','','','6'),(147,'2018-05-07','/index.php?url=product&pid=76 order by 100 --','','','6'),(148,'2018-05-07','/index.php?url=product&pid=76 order by 9 --','','','6'),(151,'2018-05-07','/welfare/index.php?url=introduce&supplier_id=12','','','6'),(153,'2018-05-07','0','','','5'),(156,'2018-05-07','/index.php?url=product&pid=0 and 1=2--','','','5'),(157,'2018-05-07','/index.php?url=product&pid=1 and 1=2--','','','5'),(158,'2018-05-07','/index.php?url=product&pid=76 and 1=2--','','','5'),(159,'2018-05-07','/index.php?url=product&pid=76 ordery by 9','','','5'),(160,'2018-05-07','0','','','5'),(162,'2018-05-07','0','','','5'),(166,'2018-05-07','/index.php?url=product_detail&product_id=44','','','5'),(167,'2018-05-07','/welfare/index.php?url=login','','','5'),(168,'2018-05-07','/welfare/index.php?url=product&pid=73','','','5'),(170,'2018-05-07','/index.php?url=product&pid=76 order by 1 --','','','4'),(171,'2018-05-07','0','','','4'),(172,'2018-05-07','0','','','4'),(173,'2018-05-07','0','','','4'),(178,'2018-05-07','/17mai/index.php?url=','','','3'),(179,'2018-05-07','/17mai/index.php?url=member_inof','','','3'),(180,'2018-05-07','/index.php?url=adnub','','','3'),(181,'2018-05-07','/index.php?url=product&pid=-76 or 1=2--','','','3'),(182,'2018-05-07','/index.php?url=product&pid=-76 order by 10 --','','','3'),(183,'2018-05-07','/index.php?url=product&pid=-76 order by 100 --','','','3'),(184,'2018-05-07','/index.php?url=product&pid=1','','','3'),(185,'2018-05-07','/index.php?url=product&pid=76 ordery by 1','','','3'),(186,'2018-05-07','0','','','3'),(187,'2018-05-07','0','','','3'),(188,'2018-05-07','0','','','3'),(189,'2018-05-07','0','','','3'),(190,'2018-05-07','0','','','3'),(191,'2018-05-07','0','','','3'),(192,'2018-05-07','0','','','3'),(193,'2018-05-07','0','','','3'),(194,'2018-05-07','0','','','3'),(201,'2018-05-07','0','','','3'),(203,'2018-05-07','/index.php?url=product_detail&product_id=27','','','3'),(204,'2018-05-07','/index.php?url=product_detail&product_id=60&fb_no=3-1','','','3'),(205,'2018-05-07','/welfare/index.php?url=product&pid=81','','','3'),(206,'2018-05-07','/17mai/index.php?url=introduce&supplier_id=2','','','2'),(207,'2018-05-07','/index.php?url=load_info&type=set_login&imei=354865072940040','','','2'),(209,'2018-05-07','/index.php?url=product&pid=0 and 1=1--','','','2'),(210,'2018-05-07','/index.php?url=product&pid=1 and 1=1--','','','2'),(211,'2018-05-07','/index.php?url=product&pid=76 and 1=1','','','2'),(212,'2018-05-07','/index.php?url=product&pid=76 and 1=1--','','','2'),(213,'2018-05-07','/index.php?url=product&pid=76 or 1=1--','','','2'),(214,'2018-05-07','0','','','2'),(215,'2018-05-07','0','','','2'),(216,'2018-05-07','0','','','2'),(218,'2018-05-07','/welfare/index.php?url=supplier_product&sid=11','','','2'),(219,'2018-05-07','/welfare/index.php?url=supplier_product&sid=12','','','2'),(220,'2018-05-07','/index.php?url=load_info&type=set_login&imei=353759099831137','','','1'),(222,'2018-05-07','/index.php?url=product&pid=2','','','1'),(223,'2018-05-07','0','','','1'),(224,'2018-05-07','0','','','1'),(225,'2018-05-07','/welfare/index.php?url=cart','','','1'),(226,'2018-05-07','/17maI/','','','0'),(227,'2018-05-07','/17mai/index.php?url=product_detail&product_id=21','','','0'),(228,'2018-05-07','/index.php?url=&product_id=','','','0'),(229,'2018-05-07','/index.php?url=load_info&type=set_login&imei=865239031400110','','','0'),(230,'2018-05-07','/index.php?url=product_detail&product_id=14&manager_id=259471761','','','0'),(231,'2018-05-07','/index.php?url=product_detail&product_id=14&manager_id=324573185&fb_no=3-12','','','0'),(232,'2018-05-07','/index.php?url=product_detail&product_id=14&manager_id=324573185&fb_no=3-19','','','0'),(233,'2018-05-07','/index.php?url=product_detail&product_id=14&manager_id=324573185&fb_no=4-2','','','0'),(234,'2018-05-07','/index.php?url=product_detail&product_id=36','','','0'),(235,'2018-05-07','/index.php?url=product_detail&product_id=57&manager_id=259471761','','','0'),(236,'2018-05-07','/index.php?url=product_detail&product_id=57&pid=7','','','0'),(237,'2018-05-07','/welfare/index.php?url=member_center','','','0');
/*!40000 ALTER TABLE `gadata` ENABLE KEYS */;
UNLOCK TABLES;

--
-- Table structure for table `gaevent`
--

DROP TABLE IF EXISTS `gaevent`;
/*!40101 SET @saved_cs_client     = @@character_set_client */;
/*!40101 SET character_set_client = utf8 */;
CREATE TABLE `gaevent` (
  `id` int(255) NOT NULL AUTO_INCREMENT,
  `eventLabel` varchar(255) COLLATE utf8_unicode_ci NOT NULL,
  `eventValue` varchar(255) COLLATE utf8_unicode_ci NOT NULL,
  `storetime` date NOT NULL,
  PRIMARY KEY (`id`)
) ENGINE=InnoDB AUTO_INCREMENT=6 DEFAULT CHARSET=utf8 COLLATE=utf8_unicode_ci;
/*!40101 SET character_set_client = @saved_cs_client */;

--
-- Dumping data for table `gaevent`
--

LOCK TABLES `gaevent` WRITE;
/*!40000 ALTER TABLE `gaevent` DISABLE KEYS */;
INSERT INTO `gaevent` VALUES (1,'(售完)[楊]特大顆蜜棗5斤四盒','1','2018-05-06'),(2,'(售完)[馬]中顆蜜棗5斤一盒','1','2018-05-06'),(3,'[康]有機玉女番茄一箱10盒(每盒約600G)','3','2018-05-06'),(4,'經典特調 濾掛式咖啡/4盒','3','2018-05-06'),(5,'[Dora]梅果檸檬片禮盒','5','2018-05-06');
/*!40000 ALTER TABLE `gaevent` ENABLE KEYS */;
UNLOCK TABLES;

--
-- Table structure for table `lower_limit`
--

DROP TABLE IF EXISTS `lower_limit`;
/*!40101 SET @saved_cs_client     = @@character_set_client */;
/*!40101 SET character_set_client = utf8 */;
CREATE TABLE `lower_limit` (
  `id` int(11) unsigned NOT NULL AUTO_INCREMENT,
  `member_id` varchar(255) COLLATE utf8_unicode_ci DEFAULT NULL,
  `manager_id` varchar(255) COLLATE utf8_unicode_ci DEFAULT NULL,
  `mg_member_id` varchar(255) COLLATE utf8_unicode_ci DEFAULT NULL,
  `add_time` datetime DEFAULT NULL,
  PRIMARY KEY (`id`)
) ENGINE=InnoDB DEFAULT CHARSET=utf8 COLLATE=utf8_unicode_ci;
/*!40101 SET character_set_client = @saved_cs_client */;

--
-- Dumping data for table `lower_limit`
--

LOCK TABLES `lower_limit` WRITE;
/*!40000 ALTER TABLE `lower_limit` DISABLE KEYS */;
/*!40000 ALTER TABLE `lower_limit` ENABLE KEYS */;
UNLOCK TABLES;

--
-- Table structure for table `mem_bak`
--

DROP TABLE IF EXISTS `mem_bak`;
/*!40101 SET @saved_cs_client     = @@character_set_client */;
/*!40101 SET character_set_client = utf8 */;
CREATE TABLE `mem_bak` (
  `id` int(11) unsigned NOT NULL AUTO_INCREMENT,
  `member_no` varchar(30) COLLATE utf8_unicode_ci DEFAULT NULL,
  `email` varchar(255) COLLATE utf8_unicode_ci DEFAULT NULL,
  `password` varchar(100) COLLATE utf8_unicode_ci DEFAULT NULL,
  `m_name` varchar(50) COLLATE utf8_unicode_ci DEFAULT NULL,
  `id_card` varchar(20) COLLATE utf8_unicode_ci DEFAULT NULL,
  `birthday` date DEFAULT NULL,
  `sex` int(11) DEFAULT NULL,
  `city_id` int(11) DEFAULT NULL,
  `area_id` int(11) DEFAULT NULL,
  `address` varchar(255) COLLATE utf8_unicode_ci DEFAULT NULL,
  `cellphone` varchar(30) COLLATE utf8_unicode_ci DEFAULT NULL,
  `line` varchar(255) COLLATE utf8_unicode_ci DEFAULT NULL,
  `bonus` int(255) DEFAULT NULL,
  `profit` int(255) DEFAULT NULL,
  `registration_time` datetime DEFAULT NULL,
  `last_modify` timestamp NOT NULL DEFAULT CURRENT_TIMESTAMP ON UPDATE CURRENT_TIMESTAMP,
  `imei` text COLLATE utf8_unicode_ci,
  `reg_id` text COLLATE utf8_unicode_ci,
  `identity` varchar(20) COLLATE utf8_unicode_ci DEFAULT NULL,
  `status` int(11) DEFAULT NULL,
  `fb_id` varchar(255) COLLATE utf8_unicode_ci NOT NULL,
  `parent_no` int(11) unsigned DEFAULT NULL,
  PRIMARY KEY (`id`)
) ENGINE=InnoDB AUTO_INCREMENT=44 DEFAULT CHARSET=utf8 COLLATE=utf8_unicode_ci;
/*!40101 SET character_set_client = @saved_cs_client */;

--
-- Dumping data for table `mem_bak`
--

LOCK TABLES `mem_bak` WRITE;
/*!40000 ALTER TABLE `mem_bak` DISABLE KEYS */;
INSERT INTO `mem_bak` VALUES (1,'7539605201','admin','1234','經理','19920102','0000-00-00',0,0,0,'XX路100號','0989322457','',3641,585,'2017-08-31 11:39:35','2018-05-07 12:38:00',NULL,'','member',1,'',NULL),(2,'4819427676','johnp340','1234','johnp340','S124568723','1992-01-28',1,1,1,'Xx路','0987874123','',NULL,NULL,'2017-08-31 11:49:24','2018-01-21 05:30:21','','','member',1,'',NULL),(3,'1395978632','test','1234','會員','S124400558','0000-00-00',0,0,0,'仁愛路100號','0912777489','',380,NULL,'2017-09-21 17:30:37','2018-03-19 03:26:15','','','member',1,'',NULL),(4,'9387917291','123@123','321','Hfh','E123265578','2010-11-22',0,16,258,'Fgzhbcc','0911123456','',36,NULL,'2017-10-03 10:12:09','2017-12-06 07:28:10','353025072614720','APA91bGgBM7qX5_J1hCY8uvwDZbXDIDBdVcifQTkBiwoFtXXzF4yOcO7r1MF6zarj_95rSeUjDfUb4ypbGwtkPaEvTtk2NmBvJjAALrp13sOXj9ZKH4Lzjtg_6K9JUoiB5yicNhVPK7W','member',1,'',NULL),(5,'6221382132','Www','www','dedd','E123456789','0000-00-00',0,0,0,'ASDFSDF','0912345678',NULL,0,0,'2017-10-03 11:32:44','2017-11-22 06:18:33','352195070375649','APA91bG-7eC5os5KxKsEbypt9QctHwUdQjaKksPZPEupwTvM6WCS66quZ1novBMkbYRe0HU9JZZVMwojCc-L9ZUVWbUk1CDY6XDU6b-zo1UMbnNRMAj7D_xPPMGYuig_gk3lpoS3e6da','member',1,'',NULL),(14,'3762697929','ictc@kkkk.com','qqqq','qqqq','E123334445','0000-00-00',0,16,264,'dfsaf','0922253448',NULL,150,300,'2017-11-02 10:35:55','2017-11-22 06:59:16',NULL,NULL,'member',1,'',NULL),(15,'1721432915','ntp9158254@gmail.com','123456','陳映嘉','S124474142','1993-11-15',1,16,274,'錦田路32號','0918880013',NULL,0,NULL,'2017-11-14 13:55:56','2018-01-23 09:27:22','358716054799498','APA91bG_gq7BCLYU0csSjhK5okp9ZztYctLXEvcw5GKIwu4Svh-YAAq6Ppb1ulEvnmLErz_b4lcGfogwre2M05TMnVkwf1OTtFRvZfVD27DqHdwRkMdoCvTVkkD-CMTk4ZkMtX51OLCu','member',1,'',NULL),(16,'2616912395','bired4358@gmail.com','1234','張世膺','F111187546','1993-12-09',1,3,34,'新北市中和區民安街42巷24-5號','0963971209',NULL,5,NULL,'2017-11-14 13:57:00','2017-11-14 06:36:02',NULL,NULL,'member',1,'',NULL),(17,'4188471721','psyche8051@gmail.com','1234','吳佳陽','D220489147','1988-12-01',1,16,257,'林森三路','0932517513',NULL,NULL,NULL,'2017-11-23 23:11:01','2018-01-12 03:51:51','358868089486086','APA91bHk232txY7kPf3bh0zY7PJ6rtQCumMH5QAcuNCbvK_g4PISq00F3TLQ91TJS4VqrYqQy_cFNiNtD_esJwx4SBaE2QEY1POuQoi77dLLsDyjqDyZrisjsaHt_D_nWnwFUcR3_QIT','member',1,'',NULL),(18,'8159358631','johnp34021@gmail.com','1234','test','S123456789','0000-00-00',0,0,0,'XXX','0912345678',NULL,NULL,NULL,'2017-11-28 16:01:10','2017-11-28 08:05:10','864394150929315','APA91bEuz8LtpBx9MSj6GqXddrKKfc5D1RsvpEs7aUmgBr5a-geeSd7CwnJD-gjJVbO7hPF7_a6AiuJXxmGt94j_jIdE1RVo0BqvrYLBKLHY-DvBuRf5xccutAcnAhWUYXzZEXVe6lGz','member',1,'',NULL),(19,'9237334662','qaz@ccm.com.tw','qazxsw','qaz','E111234567','0000-00-00',0,0,0,'dsfjdksfksdjf','0911155339',NULL,225,NULL,'2017-12-06 14:08:34','2017-12-06 07:15:55',NULL,NULL,'member',1,'',NULL),(20,'1585193963','wsx@ccc.com','wsx','wsx','E234544532','0000-00-00',0,0,0,'dsafdsaf','0943390498',NULL,NULL,-105,'2017-12-06 14:12:50','2017-12-06 07:15:55',NULL,NULL,'member',1,'',NULL),(21,'3571584238','Poan@nkfust.edu.tw','0627','Dfg','E123273065','0000-00-00',0,0,0,'Cvvv','0911123456',NULL,NULL,NULL,'2017-12-06 14:53:42','2017-12-06 06:54:30',NULL,NULL,'member',1,'',NULL),(22,'1432489887','ntp9158254987@yahoo.com.tw','6312863255','陳映嘉','F123443211','2018-01-17',1,0,0,'不知道路','0912345566',NULL,100,NULL,'2018-01-10 00:39:12','2018-03-19 08:43:04',NULL,NULL,'member',1,'1479924575436138',NULL),(26,'4743586631','johnp34022@gmail.com','6164913746','黃約翰',NULL,NULL,NULL,NULL,NULL,NULL,NULL,NULL,NULL,NULL,'2018-01-13 14:58:40','2018-01-13 06:58:40',NULL,NULL,'member',1,'690184954702936',NULL),(27,'4233671448','crazy987047@yahoo.com.tw','8583149772','Hui Chu  Chen',NULL,NULL,NULL,NULL,NULL,NULL,NULL,NULL,NULL,NULL,'2018-01-22 13:24:32','2018-01-22 05:24:32',NULL,NULL,'member',1,'1330831563689263',NULL),(28,'2535653133','weijobs@nkfust.edu.tw','8323124455','Wei-Chih  Hsu',NULL,NULL,NULL,NULL,NULL,NULL,NULL,NULL,NULL,NULL,'2018-01-23 14:10:16','2018-01-23 06:10:16',NULL,NULL,'member',1,'1954687381462614',NULL),(29,'6599525329','lll2312340@yahoo.com.tw','cp394su3**.','率','E224148760','0000-00-00',0,0,0,'高雄市楠梓區','0958774641',NULL,50,NULL,'2018-01-24 22:45:53','2018-01-24 14:51:12',NULL,NULL,'member',1,'',NULL),(30,'7859642492','abc@mail.com','1234','testtest','19921111',NULL,0,0,0,'不知道路','0989322457',NULL,1050,NULL,'2018-02-27 17:02:50','2018-03-19 03:24:16',NULL,NULL,'member',1,'',NULL),(31,'2185639934','sars4113@gmail.com','good378541','廖地球','19930801',NULL,1,16,259,'清風二路','0975809268',NULL,220,NULL,'2018-03-15 14:25:05','2018-03-15 06:31:53',NULL,NULL,'member',1,'',NULL),(32,'1887711391','ccs9510321@gmail.com','jckw2009','郭子健','19961013',NULL,1,16,263,'萬金路41巷18號','0920425692',NULL,NULL,NULL,'2018-03-19 15:59:41','2018-03-19 08:00:21',NULL,NULL,'member',1,'',NULL),(33,'4512646413','tp6qup35p88@gmail.com','4everDSK','潘柏佑','19970613',NULL,1,0,0,'華山街218之1號','0930537186',NULL,NULL,NULL,'2018-03-19 20:26:23','2018-03-19 12:27:26',NULL,NULL,'member',1,'',NULL),(34,'6859161478','u0424095@nkfust.edu.tw','dondon2005','楊東瑾','19970502',NULL,1,16,255,'鼓山三路40之3號13樓','0935335961',NULL,NULL,NULL,'2018-03-20 00:49:18','2018-03-19 16:49:46',NULL,NULL,'member',1,'',NULL),(35,'5328827876','stu5884687@gmail.com','aszxdcdc123','洪晨定','19970826',NULL,1,16,263,'萬金路41巷','0978208722',NULL,NULL,NULL,'2018-03-25 19:03:40','2018-03-25 11:05:52',NULL,NULL,'member',1,'',NULL),(36,'7631322695','u0424038@nkfust.edu.tw','aszxdfcv98','蔡佳穎','19961210',NULL,0,16,263,'萬金路41巷','0970075016',NULL,NULL,NULL,'2018-03-25 19:06:37','2018-03-25 11:07:09',NULL,NULL,'member',1,'',NULL),(37,'8965572475','z5204474@gmail.com','u4yj/xup6','易宗霖','19970209',NULL,1,16,263,'萬金路41巷','0979880980',NULL,NULL,NULL,'2018-03-25 19:09:16','2018-03-25 11:09:52',NULL,NULL,'member',1,'',NULL),(38,'1328868421','ntp9158254987@yahoo.com.tw','4466961145','陳映嘉',NULL,NULL,NULL,NULL,NULL,NULL,NULL,NULL,NULL,NULL,'2018-03-26 14:00:30','2018-03-26 06:00:30',NULL,NULL,'member',1,'1432162530212343',NULL),(39,'6766956344','','2698281979','',NULL,NULL,NULL,NULL,NULL,NULL,NULL,NULL,NULL,NULL,'2018-03-26 14:01:14','2018-03-26 06:01:14',NULL,NULL,'member',1,'',NULL),(40,'2259919669','andy5691@gmail.com','xac#7148','測試人員A','19920101',NULL,1,0,0,'人員a住處','0910101010',NULL,NULL,NULL,'2018-04-04 23:12:41','2018-04-08 13:40:07','358256071706309','APA91bEV65pPzPsEFn8QTmGBKM5RLsxtxGM6JZ28b0euZv49qCWvVvnudM1HsQrXNgty1tMJlZPBztvEdhpIzacDgtC0917kDQPmiqJCBugaU24BqOE1J_ZXv4KcT1p-UcMNpE8_zqjk','member',1,'',NULL),(41,'5354775367','admin@mail.com','1234',NULL,NULL,NULL,NULL,NULL,NULL,NULL,NULL,NULL,NULL,NULL,'2018-04-19 00:41:27','2018-04-18 16:41:27',NULL,NULL,'member',1,'',NULL),(42,'9946351196','test@email.com','nnnn',NULL,NULL,NULL,NULL,NULL,NULL,NULL,NULL,NULL,NULL,NULL,'2018-05-02 10:18:13','2018-05-02 02:17:34',NULL,NULL,'member',1,'',NULL),(43,'1379959496','user1@example.com','pswd1234',NULL,NULL,NULL,NULL,NULL,NULL,NULL,NULL,NULL,NULL,NULL,'2018-05-10 20:15:28','2018-05-10 12:15:28',NULL,NULL,'member',1,'',NULL);
/*!40000 ALTER TABLE `mem_bak` ENABLE KEYS */;
UNLOCK TABLES;

--
-- Table structure for table `member`
--

DROP TABLE IF EXISTS `member`;
/*!40101 SET @saved_cs_client     = @@character_set_client */;
/*!40101 SET character_set_client = utf8 */;
CREATE TABLE `member` (
  `id` int(11) unsigned NOT NULL AUTO_INCREMENT,
  `parent_no` varchar(30) COLLATE utf8_unicode_ci DEFAULT NULL,
  `member_no` varchar(30) COLLATE utf8_unicode_ci DEFAULT NULL,
  `email` varchar(255) COLLATE utf8_unicode_ci DEFAULT NULL,
  `password` varchar(100) COLLATE utf8_unicode_ci DEFAULT NULL,
  `m_name` varchar(50) COLLATE utf8_unicode_ci DEFAULT NULL,
  `id_card` varchar(20) COLLATE utf8_unicode_ci DEFAULT NULL,
  `birthday` date DEFAULT NULL,
  `sex` int(11) DEFAULT NULL,
  `city_id` int(11) DEFAULT NULL,
  `area_id` int(11) DEFAULT NULL,
  `address` varchar(255) COLLATE utf8_unicode_ci DEFAULT NULL,
  `cellphone` varchar(30) COLLATE utf8_unicode_ci DEFAULT NULL,
  `line` varchar(255) COLLATE utf8_unicode_ci DEFAULT NULL,
  `bonus` int(255) DEFAULT NULL,
  `profit` int(255) DEFAULT NULL,
  `registration_time` datetime DEFAULT NULL,
  `last_modify` timestamp NOT NULL DEFAULT CURRENT_TIMESTAMP ON UPDATE CURRENT_TIMESTAMP,
  `imei` text COLLATE utf8_unicode_ci,
  `reg_id` text COLLATE utf8_unicode_ci,
  `identity` varchar(20) COLLATE utf8_unicode_ci DEFAULT NULL,
  `status` int(11) DEFAULT NULL,
  `fb_id` varchar(255) COLLATE utf8_unicode_ci DEFAULT NULL,
  PRIMARY KEY (`id`)
) ENGINE=InnoDB AUTO_INCREMENT=45 DEFAULT CHARSET=utf8 COLLATE=utf8_unicode_ci;
/*!40101 SET character_set_client = @saved_cs_client */;

--
-- Dumping data for table `member`
--

LOCK TABLES `member` WRITE;
/*!40000 ALTER TABLE `member` DISABLE KEYS */;
INSERT INTO `member` VALUES (1,NULL,'7539605201','admin','1234','經理','19920102','0000-00-00',0,0,0,'XX路100號','0989322457','',3641,585,'2017-08-31 11:39:35','2018-05-07 12:38:00',NULL,'','member',1,''),(2,NULL,'4819427676','johnp340','1234','johnp340','S124568723','1992-01-28',1,1,1,'Xx路','0987874123','',NULL,NULL,'2017-08-31 11:49:24','2018-01-21 05:30:21','','','member',1,''),(3,NULL,'1395978632','test','1234','會員','S124400558','0000-00-00',0,0,0,'仁愛路100號','0912777489','',380,NULL,'2017-09-21 17:30:37','2018-03-19 03:26:15','','','member',1,''),(4,NULL,'9387917291','123@123','321','Hfh','E123265578','2010-11-22',0,16,258,'Fgzhbcc','0911123456','',36,NULL,'2017-10-03 10:12:09','2017-12-06 07:28:10','353025072614720','APA91bGgBM7qX5_J1hCY8uvwDZbXDIDBdVcifQTkBiwoFtXXzF4yOcO7r1MF6zarj_95rSeUjDfUb4ypbGwtkPaEvTtk2NmBvJjAALrp13sOXj9ZKH4Lzjtg_6K9JUoiB5yicNhVPK7W','member',1,''),(5,NULL,'6221382132','Www','www','dedd','E123456789','0000-00-00',0,0,0,'ASDFSDF','0912345678',NULL,0,0,'2017-10-03 11:32:44','2017-11-22 06:18:33','352195070375649','APA91bG-7eC5os5KxKsEbypt9QctHwUdQjaKksPZPEupwTvM6WCS66quZ1novBMkbYRe0HU9JZZVMwojCc-L9ZUVWbUk1CDY6XDU6b-zo1UMbnNRMAj7D_xPPMGYuig_gk3lpoS3e6da','member',1,''),(14,NULL,'3762697929','ictc@kkkk.com','qqqq','qqqq','E123334445','0000-00-00',0,16,264,'dfsaf','0922253448',NULL,150,300,'2017-11-02 10:35:55','2017-11-22 06:59:16',NULL,NULL,'member',1,''),(15,NULL,'1721432915','ntp9158254@gmail.com','123456','陳映嘉','S124474142','1993-11-15',1,16,274,'錦田路32號','0918880013',NULL,0,NULL,'2017-11-14 13:55:56','2018-01-23 09:27:22','358716054799498','APA91bG_gq7BCLYU0csSjhK5okp9ZztYctLXEvcw5GKIwu4Svh-YAAq6Ppb1ulEvnmLErz_b4lcGfogwre2M05TMnVkwf1OTtFRvZfVD27DqHdwRkMdoCvTVkkD-CMTk4ZkMtX51OLCu','member',1,''),(16,NULL,'2616912395','bired4358@gmail.com','1234','張世膺','F111187546','1993-12-09',1,3,34,'新北市中和區民安街42巷24-5號','0963971209',NULL,5,NULL,'2017-11-14 13:57:00','2017-11-14 06:36:02',NULL,NULL,'member',1,''),(17,NULL,'4188471721','psyche8051@gmail.com','1234','吳佳陽','D220489147','1988-12-01',1,16,257,'林森三路','0932517513',NULL,NULL,NULL,'2017-11-23 23:11:01','2018-01-12 03:51:51','358868089486086','APA91bHk232txY7kPf3bh0zY7PJ6rtQCumMH5QAcuNCbvK_g4PISq00F3TLQ91TJS4VqrYqQy_cFNiNtD_esJwx4SBaE2QEY1POuQoi77dLLsDyjqDyZrisjsaHt_D_nWnwFUcR3_QIT','member',1,''),(18,NULL,'8159358631','johnp34021@gmail.com','1234','test','S123456789','0000-00-00',0,0,0,'XXX','0912345678',NULL,NULL,NULL,'2017-11-28 16:01:10','2017-11-28 08:05:10','864394150929315','APA91bEuz8LtpBx9MSj6GqXddrKKfc5D1RsvpEs7aUmgBr5a-geeSd7CwnJD-gjJVbO7hPF7_a6AiuJXxmGt94j_jIdE1RVo0BqvrYLBKLHY-DvBuRf5xccutAcnAhWUYXzZEXVe6lGz','member',1,''),(19,NULL,'9237334662','qaz@ccm.com.tw','qazxsw','qaz','E111234567','0000-00-00',0,0,0,'dsfjdksfksdjf','0911155339',NULL,225,NULL,'2017-12-06 14:08:34','2017-12-06 07:15:55',NULL,NULL,'member',1,''),(20,NULL,'1585193963','wsx@ccc.com','wsx','wsx','E234544532','0000-00-00',0,0,0,'dsafdsaf','0943390498',NULL,NULL,-105,'2017-12-06 14:12:50','2017-12-06 07:15:55',NULL,NULL,'member',1,''),(21,NULL,'3571584238','Poan@nkfust.edu.tw','0627','Dfg','E123273065','0000-00-00',0,0,0,'Cvvv','0911123456',NULL,NULL,NULL,'2017-12-06 14:53:42','2017-12-06 06:54:30',NULL,NULL,'member',1,''),(22,NULL,'1432489887','ntp9158254987@yahoo.com.tw','6312863255','陳映嘉','F123443211','2018-01-17',1,0,0,'不知道路','0912345566',NULL,100,NULL,'2018-01-10 00:39:12','2018-03-19 08:43:04',NULL,NULL,'member',1,'1479924575436138'),(26,NULL,'4743586631','johnp34022@gmail.com','6164913746','黃約翰',NULL,NULL,NULL,NULL,NULL,NULL,NULL,NULL,NULL,NULL,'2018-01-13 14:58:40','2018-01-13 06:58:40',NULL,NULL,'member',1,'690184954702936'),(27,NULL,'4233671448','crazy987047@yahoo.com.tw','8583149772','Hui Chu  Chen',NULL,NULL,NULL,NULL,NULL,NULL,NULL,NULL,NULL,NULL,'2018-01-22 13:24:32','2018-01-22 05:24:32',NULL,NULL,'member',1,'1330831563689263'),(28,NULL,'2535653133','weijobs@nkfust.edu.tw','8323124455','Wei-Chih  Hsu',NULL,NULL,NULL,NULL,NULL,NULL,NULL,NULL,NULL,NULL,'2018-01-23 14:10:16','2018-01-23 06:10:16',NULL,NULL,'member',1,'1954687381462614'),(29,NULL,'6599525329','lll2312340@yahoo.com.tw','cp394su3**.','率','E224148760','0000-00-00',0,0,0,'高雄市楠梓區','0958774641',NULL,50,NULL,'2018-01-24 22:45:53','2018-01-24 14:51:12',NULL,NULL,'member',1,''),(30,NULL,'7859642492','abc@mail.com','1234','testtest','19921111',NULL,0,0,0,'不知道路','0989322457',NULL,1050,NULL,'2018-02-27 17:02:50','2018-03-19 03:24:16',NULL,NULL,'member',1,''),(31,NULL,'2185639934','sars4113@gmail.com','good378541','廖地球','19930801',NULL,1,16,259,'清風二路','0975809268',NULL,220,NULL,'2018-03-15 14:25:05','2018-03-15 06:31:53',NULL,NULL,'member',1,''),(32,NULL,'1887711391','ccs9510321@gmail.com','jckw2009','郭子健','19961013',NULL,1,16,263,'萬金路41巷18號','0920425692',NULL,NULL,NULL,'2018-03-19 15:59:41','2018-03-19 08:00:21',NULL,NULL,'member',1,''),(33,NULL,'4512646413','tp6qup35p88@gmail.com','4everDSK','潘柏佑','19970613',NULL,1,0,0,'華山街218之1號','0930537186',NULL,NULL,NULL,'2018-03-19 20:26:23','2018-03-19 12:27:26',NULL,NULL,'member',1,''),(34,NULL,'6859161478','u0424095@nkfust.edu.tw','dondon2005','楊東瑾','19970502',NULL,1,16,255,'鼓山三路40之3號13樓','0935335961',NULL,NULL,NULL,'2018-03-20 00:49:18','2018-03-19 16:49:46',NULL,NULL,'member',1,''),(35,NULL,'5328827876','stu5884687@gmail.com','aszxdcdc123','洪晨定','19970826',NULL,1,16,263,'萬金路41巷','0978208722',NULL,NULL,NULL,'2018-03-25 19:03:40','2018-03-25 11:05:52',NULL,NULL,'member',1,''),(36,NULL,'7631322695','u0424038@nkfust.edu.tw','aszxdfcv98','蔡佳穎','19961210',NULL,0,16,263,'萬金路41巷','0970075016',NULL,NULL,NULL,'2018-03-25 19:06:37','2018-03-25 11:07:09',NULL,NULL,'member',1,''),(37,NULL,'8965572475','z5204474@gmail.com','u4yj/xup6','易宗霖','19970209',NULL,1,16,263,'萬金路41巷','0979880980',NULL,NULL,NULL,'2018-03-25 19:09:16','2018-03-25 11:09:52',NULL,NULL,'member',1,''),(38,NULL,'1328868421','ntp9158254987@yahoo.com.tw','4466961145','陳映嘉',NULL,NULL,NULL,NULL,NULL,NULL,NULL,NULL,NULL,NULL,'2018-03-26 14:00:30','2018-03-26 06:00:30',NULL,NULL,'member',1,'1432162530212343'),(39,NULL,'6766956344','','2698281979','',NULL,NULL,NULL,NULL,NULL,NULL,NULL,NULL,NULL,NULL,'2018-03-26 14:01:14','2018-03-26 06:01:14',NULL,NULL,'member',1,''),(40,NULL,'2259919669','andy5691@gmail.com','xac#7148','測試人員A','19920101',NULL,1,0,0,'人員a住處','0910101010',NULL,NULL,NULL,'2018-04-04 23:12:41','2018-04-08 13:40:07','358256071706309','APA91bEV65pPzPsEFn8QTmGBKM5RLsxtxGM6JZ28b0euZv49qCWvVvnudM1HsQrXNgty1tMJlZPBztvEdhpIzacDgtC0917kDQPmiqJCBugaU24BqOE1J_ZXv4KcT1p-UcMNpE8_zqjk','member',1,''),(41,NULL,'5354775367','admin@mail.com','1234',NULL,NULL,NULL,NULL,NULL,NULL,NULL,NULL,NULL,NULL,NULL,'2018-04-19 00:41:27','2018-04-18 16:41:27',NULL,NULL,'member',1,''),(42,NULL,'9946351196','test@email.com','nnnn',NULL,NULL,NULL,NULL,NULL,NULL,NULL,NULL,NULL,NULL,NULL,'2018-05-02 10:18:13','2018-05-02 02:17:34',NULL,NULL,'member',1,''),(43,'7539605201','1379959496','user1@example.com','pswd1234','會員1','20000101',NULL,1,16,0,'地址','0912345678',NULL,NULL,NULL,'2018-05-10 20:15:28','2018-05-11 08:10:20',NULL,NULL,'member',1,''),(44,NULL,'2929542618','sp001020@yahoo.com.tw','ethome0624','吳志成','19570624',NULL,1,7,82,'瑞安路二段150號','0919136823',NULL,NULL,NULL,'2018-05-27 20:25:07','2018-05-27 12:37:45','353491083302806','APA91bEuuhXtrB76SPsMQ9XLSTJ8yScZv80AlictvRNfNhg7T-yPGqqV6S2ojDkpiZo4NVy_dchmnzlAUozX1dws45ImFVyBAZbY-ZiDdKqELhDPPCGki1LKmAnfbABRxQLuNb8ecNj2','member',1,NULL);
/*!40000 ALTER TABLE `member` ENABLE KEYS */;
UNLOCK TABLES;

--
-- Table structure for table `notice`
--

DROP TABLE IF EXISTS `notice`;
/*!40101 SET @saved_cs_client     = @@character_set_client */;
/*!40101 SET character_set_client = utf8 */;
CREATE TABLE `notice` (
  `id` int(11) unsigned NOT NULL AUTO_INCREMENT,
  `title` varchar(100) COLLATE utf8_unicode_ci DEFAULT NULL,
  `content` text COLLATE utf8_unicode_ci,
  `day` datetime DEFAULT NULL,
  `last_modify` timestamp NULL DEFAULT NULL ON UPDATE CURRENT_TIMESTAMP,
  `people` varchar(50) COLLATE utf8_unicode_ci DEFAULT NULL,
  `notice_type` int(11) DEFAULT NULL,
  `status` int(11) DEFAULT NULL,
  PRIMARY KEY (`id`)
) ENGINE=InnoDB DEFAULT CHARSET=utf8 COLLATE=utf8_unicode_ci;
/*!40101 SET character_set_client = @saved_cs_client */;

--
-- Dumping data for table `notice`
--

LOCK TABLES `notice` WRITE;
/*!40000 ALTER TABLE `notice` DISABLE KEYS */;
/*!40000 ALTER TABLE `notice` ENABLE KEYS */;
UNLOCK TABLES;

--
-- Table structure for table `notice_type`
--

DROP TABLE IF EXISTS `notice_type`;
/*!40101 SET @saved_cs_client     = @@character_set_client */;
/*!40101 SET character_set_client = utf8 */;
CREATE TABLE `notice_type` (
  `id` int(11) unsigned NOT NULL AUTO_INCREMENT,
  `content` varchar(100) COLLATE utf8_unicode_ci DEFAULT NULL,
  PRIMARY KEY (`id`)
) ENGINE=InnoDB DEFAULT CHARSET=utf8 COLLATE=utf8_unicode_ci;
/*!40101 SET character_set_client = @saved_cs_client */;

--
-- Dumping data for table `notice_type`
--

LOCK TABLES `notice_type` WRITE;
/*!40000 ALTER TABLE `notice_type` DISABLE KEYS */;
/*!40000 ALTER TABLE `notice_type` ENABLE KEYS */;
UNLOCK TABLES;

--
-- Table structure for table `order_type`
--

DROP TABLE IF EXISTS `order_type`;
/*!40101 SET @saved_cs_client     = @@character_set_client */;
/*!40101 SET character_set_client = utf8 */;
CREATE TABLE `order_type` (
  `id` int(11) unsigned NOT NULL AUTO_INCREMENT,
  `o_type` varchar(100) COLLATE utf8_unicode_ci DEFAULT NULL,
  PRIMARY KEY (`id`)
) ENGINE=InnoDB DEFAULT CHARSET=utf8 COLLATE=utf8_unicode_ci;
/*!40101 SET character_set_client = @saved_cs_client */;

--
-- Dumping data for table `order_type`
--

LOCK TABLES `order_type` WRITE;
/*!40000 ALTER TABLE `order_type` DISABLE KEYS */;
/*!40000 ALTER TABLE `order_type` ENABLE KEYS */;
UNLOCK TABLES;

--
-- Table structure for table `page_manager`
--

DROP TABLE IF EXISTS `page_manager`;
/*!40101 SET @saved_cs_client     = @@character_set_client */;
/*!40101 SET character_set_client = utf8 */;
CREATE TABLE `page_manager` (
  `id` int(255) NOT NULL AUTO_INCREMENT,
  `page_name` varchar(255) COLLATE utf8_unicode_ci NOT NULL,
  `vis_name` varchar(255) COLLATE utf8_unicode_ci NOT NULL,
  `p_id` varchar(255) COLLATE utf8_unicode_ci NOT NULL,
  `class_id` varchar(255) COLLATE utf8_unicode_ci NOT NULL,
  `s_id` varchar(255) COLLATE utf8_unicode_ci NOT NULL,
  `add_time` datetime NOT NULL,
  `change_time` datetime NOT NULL,
  `status` int(10) NOT NULL DEFAULT '0',
  `is_main` int(10) NOT NULL DEFAULT '0',
  PRIMARY KEY (`id`)
) ENGINE=InnoDB AUTO_INCREMENT=8 DEFAULT CHARSET=utf8 COLLATE=utf8_unicode_ci;
/*!40101 SET character_set_client = @saved_cs_client */;

--
-- Dumping data for table `page_manager`
--

LOCK TABLES `page_manager` WRITE;
/*!40000 ALTER TABLE `page_manager` DISABLE KEYS */;
INSERT INTO `page_manager` VALUES (1,'農業產品','test','','','1,2,3,4,5','2018-03-12 00:00:00','2018-04-12 14:47:25',1,1),(2,'咖啡','cafe','','','','2018-03-28 00:00:00','2018-04-09 02:43:18',1,0),(3,'test','TEST1','','','','2018-03-30 02:18:27','0000-00-00 00:00:00',1,0),(4,'測試1','testtest','','','','2018-03-30 02:18:50','2018-04-09 02:43:06',0,0),(5,'test2','test2','','','1,2','2018-04-09 02:43:39','2018-04-18 02:59:01',1,0),(6,'檸檬','lemon','','','1,2,3,4,8,9,10,11,12','2018-04-12 14:39:45','2018-04-26 13:35:05',1,0),(7,'蘋果','apple','','','1,2,3,4,5,8,9,10,11,12,14','2018-05-07 13:54:20','2018-05-07 13:58:43',1,0);
/*!40000 ALTER TABLE `page_manager` ENABLE KEYS */;
UNLOCK TABLES;

--
-- Table structure for table `pay_type`
--

DROP TABLE IF EXISTS `pay_type`;
/*!40101 SET @saved_cs_client     = @@character_set_client */;
/*!40101 SET character_set_client = utf8 */;
CREATE TABLE `pay_type` (
  `id` int(11) unsigned NOT NULL AUTO_INCREMENT,
  `p_type` varchar(100) COLLATE utf8_unicode_ci DEFAULT NULL,
  PRIMARY KEY (`id`)
) ENGINE=InnoDB DEFAULT CHARSET=utf8 COLLATE=utf8_unicode_ci;
/*!40101 SET character_set_client = @saved_cs_client */;

--
-- Dumping data for table `pay_type`
--

LOCK TABLES `pay_type` WRITE;
/*!40000 ALTER TABLE `pay_type` DISABLE KEYS */;
/*!40000 ALTER TABLE `pay_type` ENABLE KEYS */;
UNLOCK TABLES;

--
-- Table structure for table `price`
--

DROP TABLE IF EXISTS `price`;
/*!40101 SET @saved_cs_client     = @@character_set_client */;
/*!40101 SET character_set_client = utf8 */;
CREATE TABLE `price` (
  `id` int(11) unsigned NOT NULL AUTO_INCREMENT,
  `p_id` varchar(100) COLLATE utf8_unicode_ci DEFAULT NULL,
  `price` varchar(20) COLLATE utf8_unicode_ci DEFAULT NULL,
  `web_price` varchar(20) COLLATE utf8_unicode_ci DEFAULT NULL,
  `sell_id` int(11) DEFAULT NULL,
  `sell_account` varchar(100) COLLATE utf8_unicode_ci DEFAULT NULL,
  PRIMARY KEY (`id`)
) ENGINE=InnoDB AUTO_INCREMENT=41 DEFAULT CHARSET=utf8 COLLATE=utf8_unicode_ci;
/*!40101 SET character_set_client = @saved_cs_client */;

--
-- Dumping data for table `price`
--

LOCK TABLES `price` WRITE;
/*!40000 ALTER TABLE `price` DISABLE KEYS */;
INSERT INTO `price` VALUES (1,'1','100','10',1,'1'),(2,'2','99','77',1,'1'),(4,'4','10000','500',1,'1'),(5,'5','999','888',1,'1'),(6,'6','500','250',1,'1'),(24,'8','700','150',1,'1'),(26,'10','500','150',1,'1'),(27,'11','1000','1000',1,'1'),(28,'12','332','334',1,'1'),(29,'13','222','444',1,'1'),(30,'14','456','12',1,'1'),(31,'15','500','100',1,'1'),(32,'16','5000','500',1,'1'),(33,'17','1000','1000',1,'1'),(34,'18','100','10',1,'1'),(35,'19','100','100',1,'1'),(36,'20','1111','1111',1,'1'),(37,'21','5555555','5555',1,'1'),(38,'22','750','650',1,'1'),(39,'23','900','500',1,'1'),(40,'25','111111','1000',1,'1');
/*!40000 ALTER TABLE `price` ENABLE KEYS */;
UNLOCK TABLES;

--
-- Table structure for table `problem_type`
--

DROP TABLE IF EXISTS `problem_type`;
/*!40101 SET @saved_cs_client     = @@character_set_client */;
/*!40101 SET character_set_client = utf8 */;
CREATE TABLE `problem_type` (
  `id` int(11) unsigned NOT NULL AUTO_INCREMENT,
  `type` varchar(100) COLLATE utf8_unicode_ci DEFAULT NULL,
  PRIMARY KEY (`id`)
) ENGINE=InnoDB DEFAULT CHARSET=utf8 COLLATE=utf8_unicode_ci;
/*!40101 SET character_set_client = @saved_cs_client */;

--
-- Dumping data for table `problem_type`
--

LOCK TABLES `problem_type` WRITE;
/*!40000 ALTER TABLE `problem_type` DISABLE KEYS */;
/*!40000 ALTER TABLE `problem_type` ENABLE KEYS */;
UNLOCK TABLES;

--
-- Table structure for table `procudt_qa`
--

DROP TABLE IF EXISTS `procudt_qa`;
/*!40101 SET @saved_cs_client     = @@character_set_client */;
/*!40101 SET character_set_client = utf8 */;
CREATE TABLE `procudt_qa` (
  `id` int(11) unsigned NOT NULL AUTO_INCREMENT,
  `p_id` int(11) DEFAULT NULL,
  `m_id` int(11) DEFAULT NULL,
  `m_q` varchar(255) COLLATE utf8_unicode_ci DEFAULT NULL,
  `m_time` datetime DEFAULT NULL,
  `admin_a` varchar(255) COLLATE utf8_unicode_ci DEFAULT NULL,
  `admin_time` datetime DEFAULT NULL,
  PRIMARY KEY (`id`)
) ENGINE=InnoDB DEFAULT CHARSET=utf8 COLLATE=utf8_unicode_ci;
/*!40101 SET character_set_client = @saved_cs_client */;

--
-- Dumping data for table `procudt_qa`
--

LOCK TABLES `procudt_qa` WRITE;
/*!40000 ALTER TABLE `procudt_qa` DISABLE KEYS */;
/*!40000 ALTER TABLE `procudt_qa` ENABLE KEYS */;
UNLOCK TABLES;

--
-- Table structure for table `product`
--

DROP TABLE IF EXISTS `product`;
/*!40101 SET @saved_cs_client     = @@character_set_client */;
/*!40101 SET character_set_client = utf8 */;
CREATE TABLE `product` (
  `id` int(11) unsigned NOT NULL AUTO_INCREMENT,
  `p_name` varchar(100) COLLATE utf8_unicode_ci DEFAULT NULL,
  `p_introduction` varchar(255) COLLATE utf8_unicode_ci DEFAULT NULL,
  `p_info` text COLLATE utf8_unicode_ci,
  `p_use` varchar(255) COLLATE utf8_unicode_ci DEFAULT NULL,
  `p_notes` varchar(255) COLLATE utf8_unicode_ci DEFAULT NULL,
  `youtube` varchar(255) COLLATE utf8_unicode_ci DEFAULT NULL,
  `added` int(11) DEFAULT NULL,
  `add_day` datetime DEFAULT NULL,
  `over_day` datetime DEFAULT NULL,
  `last_modify` timestamp NULL DEFAULT CURRENT_TIMESTAMP ON UPDATE CURRENT_TIMESTAMP,
  `note` text COLLATE utf8_unicode_ci,
  `p_qty` int(30) DEFAULT NULL,
  `p_bonus` int(255) DEFAULT NULL,
  `p_profit` int(255) DEFAULT NULL,
  `sell_qty` int(30) DEFAULT NULL,
  `s_id` int(11) DEFAULT NULL,
  `rem_qty` int(255) NOT NULL DEFAULT '0',
  `page` varchar(255) COLLATE utf8_unicode_ci NOT NULL,
  PRIMARY KEY (`id`)
) ENGINE=InnoDB AUTO_INCREMENT=26 DEFAULT CHARSET=utf8 COLLATE=utf8_unicode_ci;
/*!40101 SET character_set_client = @saved_cs_client */;

--
-- Dumping data for table `product`
--

LOCK TABLES `product` WRITE;
/*!40000 ALTER TABLE `product` DISABLE KEYS */;
INSERT INTO `product` VALUES (1,'麥香奶茶','好吃好吃好吃好吃好吃好吃好吃好吃好吃好吃','<p>&nbsp;</p>\r\n\r\n<p>超好吃唷超好吃唷</p>\r\n\r\n<p>&nbsp;</p>\r\n\r\n<p>超好吃唷</p>\r\n\r\n<p>超好吃唷</p>\r\n\r\n<p>超好吃唷</p>\r\n\r\n<p>超好吃唷</p>\r\n\r\n<p>超好吃唷</p>\r\n\r\n<p>&nbsp;</p>\r\n\r\n<p>超好吃唷</p>\r\n\r\n<p>超好吃唷</p>\r\n\r\n<p>超好吃唷</p>\r\n\r\n<p>超好吃唷</p>\r\n\r\n<p>超好吃唷</p>\r\n','直接吃','<p>不能放太久</p>\r\n','',1,'2017-03-12 21:14:17',NULL,'2018-04-18 17:28:24',NULL,100,70,2,NULL,1,100,''),(2,'爆米花','美國進口的玉米粒，超大','<p>美國進口的玉米粒，超大，採用玉米油烹調，快吃</p>\r\n','直接食用','不能放太久','',1,'2017-03-12 21:22:03',NULL,'2018-04-18 17:28:13',NULL,100,60,2,NULL,3,20,''),(4,'電競筆電','打LOL必備','<p>i7-6950x 8G記憶體 256G SSD</p>\r\n','11','<p>11</p>\r\n','',0,'2017-03-13 11:18:16',NULL,'2018-04-17 08:42:55',NULL,100,500,2,NULL,1,100,''),(5,'貓頭鷹2號','很可愛','<p>超可愛</p>\r\n','','','',0,'2017-03-16 23:42:37',NULL,'2018-03-12 15:58:03',NULL,100,10,2,NULL,0,50,''),(6,'貓頭鷹1號','test','<p>123</p>\r\n','2','注意事項','',0,'2017-03-31 23:25:11',NULL,'2018-04-02 03:49:18',NULL,100,20,2,NULL,0,100,''),(8,'網紋哈密瓜禮盒111','中秋節將至，美味的哈密瓜禮盒喔','<p style=\"margin-left:0cm; margin-right:0cm\"><span style=\"color:#3498db\"><span style=\"font-size:12pt\"><span style=\"font-family:Calibri,sans-serif\">月圓人團圓，中秋佳節將至，貼心的您是否還在思考如何準備一份美味又富含意義的好禮，來贈送給親朋好友？高雄市農業局與在地哈密瓜達人合作，推出「築夢溫室」認購計畫，採用「一籐一瓜」的日式頂級工法，並將所有的養分與精華全保留在一棵哈密瓜上，細心培育創造出如絲綢般滑順的香甜口感，絕對是您秋節送禮的最佳選擇！此外，您所購買的網紋哈密瓜禮盒，將轉換為打造水果溫室的資金，讓農人未來能在更安全、更高產能的環境下工作，持續為高雄首選農產的品牌創造價值。本校 (國立高雄第一科技大學) 積極推動USR新農業在地關懷計畫，當然要推薦您如此深具意義與優質的好禮！</span></span></span></p>\r\n\r\n<p style=\"margin-left:0cm; margin-right:0cm\"><span style=\"color:#e74c3c\"><span style=\"font-size:12pt\"><span style=\"font-family:Calibri,sans-serif\">【產品資訊】</span></span></span></p>\r\n\r\n<p style=\"margin-left:0cm; margin-right:0cm\"><span style=\"color:#e74c3c\"><span style=\"font-size:12pt\"><span style=\"font-family:Calibri,sans-serif\"><img alt=\"\" src=\"http://163.18.62.33/firstshop/admin/images/supplier_img/big/201801181736201516268180.jpg\" style=\"height:312px; width:440px\" /></span></span></span></p>\r\n\r\n<p style=\"margin-left:0cm; margin-right:0cm\"><span style=\"font-size:12pt\"><span style=\"font-family:Calibri,sans-serif\">種植日：2017年7月7日</span></span></p>\r\n\r\n<p style=\"margin-left:0cm; margin-right:0cm\"><span style=\"font-size:12pt\"><span style=\"font-family:Calibri,sans-serif\">出貨日：2017年9月底至10月初</span></span></p>\r\n\r\n<p style=\"margin-left:0cm; margin-right:0cm\"><span style=\"font-size:12pt\"><span style=\"font-family:Calibri,sans-serif\">包裝方式：每箱/網紋哈密瓜2顆</span></span></p>\r\n\r\n<p style=\"margin-left:0cm; margin-right:0cm\">&nbsp;</p>\r\n','','','',1,'2017-09-18 17:08:01',NULL,'2018-05-07 12:38:00',NULL,100,50,2,41,10,97,''),(10,'USB32G隨身碟','高速隨身碟','<p>非常快速</p>\r\n',NULL,'','',0,'2017-10-24 15:21:19',NULL,'2018-04-10 16:49:10',NULL,990,0,0,120,2,990,''),(11,'dog','very cute','<p>丫柏狍,,旺旺旺月 詳細介紹</p>\r\n',NULL,'<p>丫柏狍,,旺旺旺&nbsp; 注意事項</p>\r\n','https://www.youtube.com/embed/EVT1gszKcKM',0,'2017-11-02 11:41:45',NULL,'2018-04-10 16:49:07',NULL,100,0,0,15,2,100,''),(12,'fds','23ewdsafs','<p>123456</p>\r\n',NULL,'<p>asdfdsafds</p>\r\n','',1,'2017-12-06 14:21:32',NULL,'2018-03-12 16:06:10',NULL,3,122,2,2,0,0,''),(13,'dfdf','adfs','<p>asdfdsaf</p>\r\n',NULL,'<p>afdsdsafd</p>\r\n','',1,'2018-01-29 14:06:49',NULL,'2018-03-12 16:06:16',NULL,0,0,2,NULL,11,0,''),(14,'afdsaf','我我我我我我我我我我我我我我我我我我我','',NULL,'','',1,'2018-01-30 12:48:13',NULL,'2018-03-01 13:37:52',NULL,12323,1,2,NULL,0,12323,''),(15,'123','','',NULL,'','',1,'2018-01-30 12:51:57',NULL,'2018-02-27 08:16:08',NULL,123,1,2,NULL,0,123,''),(16,'test1','她她她她她她她她她她她她她她她她她她她','',NULL,'','',1,'2018-03-01 21:35:59',NULL,'2018-03-15 06:29:28',NULL,100,0,2,1,0,99,''),(17,'test12','你你你你你你你你你你你你你你你你你你你','',NULL,'','',1,'2018-03-01 21:37:01',NULL,'2018-03-12 16:06:20',NULL,500,0,2,NULL,0,0,''),(18,'1230101','123456','<p>456546456</p>\r\n',NULL,'<p>45654645654</p>\r\n','',1,'2018-04-11 00:52:31',NULL,'2018-05-02 04:50:52',NULL,123,0,0,NULL,2,123,''),(19,'456','10','',NULL,'<p>1001010</p>\r\n','',1,'2018-04-11 00:56:17',NULL,'2018-05-02 04:50:42',NULL,1234,0,0,NULL,2,1234,''),(20,'123123','123','<p>1242141</p>\r\n',NULL,'<p>124124</p>\r\n','',1,'2018-04-12 14:31:29',NULL,'2018-05-02 04:50:35',NULL,12321312,0,0,NULL,0,12321312,''),(21,'圖蔬館有機香米','c9 ','<p style=\"margin-left:0cm; margin-right:0cm\"><span style=\"font-size:12pt\"><span style=\"font-family:Calibri,sans-serif\">民博士畢業於國立台灣海洋大學環境生物與漁業科學研究所，</span></span></p>\r\n\r\n<p style=\"margin-left:0cm; margin-right:0cm\"><span style=\"font-size:12pt\"><span style=\"font-family:Calibri,sans-serif\">他的專長為魚類學、水產經營學、水產行銷學。</span></span></p>\r\n\r\n<p style=\"margin-left:0cm; margin-right:0cm\"><span style=\"font-size:12pt\"><span style=\"font-family:Calibri,sans-serif\">但幾年前<span style=\"color:red\">一名農夫搶收未達農藥安全標準值蔬菜而中毒身亡</span>的消息，</span></span></p>\r\n\r\n<p style=\"margin-left:0cm; margin-right:0cm\"><span style=\"font-size:12pt\"><span style=\"font-family:Calibri,sans-serif\">深深地影響了他，讓黃貴民博士轉念，決定投身<strong><span style=\"font-size:16.0pt\"><span style=\"color:red\">有機食材領域</span></span></strong>。</span></span></p>\r\n\r\n<p style=\"margin-left:0cm; margin-right:0cm\">&nbsp;</p>\r\n',NULL,'','',1,'2018-04-12 16:27:49',NULL,'2018-05-02 04:50:19',NULL,0,0,2,NULL,0,0,''),(22,'正統黃金曼特寧/半磅/咖啡豆','懂咖啡的你，值得擁有上好精品','<p><span style=\"font-size:18px\"><span style=\"font-family:Times New Roman,Times,serif\">黃金曼特寧咖啡產於亞洲印度尼西亞的蘇門答臘，又稱「<span style=\"color:#e74c3c\">蘇門答臘咖啡</span>」。<br />\r\n從土質、地勢、排水、天候，甚至當地傳統在內的可能因素，而有表現截然不同，使得風味非常濃郁，香、苦、醇厚，帶有少許的甜味。也因為在各種細微環境因素下，才能孕育出咖啡獨特的「terroir」，正是構成咖啡的「個性」。<br />\r\n<img alt=\"\" src=\"http://163.18.62.33/firstshop/admin/images/product/2018041216413131.jpg\" style=\"height:546px; width:450px\" /></span></span></p>\r\n',NULL,'','',1,'2018-04-12 16:48:35',NULL,'2018-05-02 04:50:26',NULL,0,0,2,NULL,12,0,''),(23,'貓頭鷹1號','5','<p>貓頭鷹1號</p>\r\n',NULL,'<p>貓頭鷹1號</p>\r\n','',1,'2018-04-26 13:48:28',NULL,'2018-04-26 05:48:28',NULL,5,0,0,NULL,9,0,''),(24,'x','sdfsdf','<p>sdagfsd</p>\r\n',NULL,'<p>sdgfs</p>\r\n','',2,'2018-05-07 14:11:42',NULL,'2018-05-07 06:13:35',NULL,0,0,0,NULL,2,0,''),(25,'abcdcddd','','',NULL,'','',2,'2018-05-07 14:27:40',NULL,'2018-05-07 06:29:25',NULL,0,0,0,NULL,15,0,'');
/*!40000 ALTER TABLE `product` ENABLE KEYS */;
UNLOCK TABLES;

--
-- Table structure for table `product_class`
--

DROP TABLE IF EXISTS `product_class`;
/*!40101 SET @saved_cs_client     = @@character_set_client */;
/*!40101 SET character_set_client = utf8 */;
CREATE TABLE `product_class` (
  `cid` int(10) unsigned NOT NULL AUTO_INCREMENT,
  `pid` int(11) DEFAULT NULL,
  `product_id` int(11) DEFAULT NULL,
  PRIMARY KEY (`cid`)
) ENGINE=InnoDB AUTO_INCREMENT=111 DEFAULT CHARSET=utf8 COLLATE=utf8_unicode_ci;
/*!40101 SET character_set_client = @saved_cs_client */;

--
-- Dumping data for table `product_class`
--

LOCK TABLES `product_class` WRITE;
/*!40000 ALTER TABLE `product_class` DISABLE KEYS */;
INSERT INTO `product_class` VALUES (4,7,2),(5,22,2),(6,26,2),(22,3,4),(23,17,4),(24,20,4),(25,1,5),(26,9,5),(27,10,5),(28,1,6),(29,9,6),(30,10,6),(40,7,1),(41,24,1),(42,28,1),(46,7,8),(47,67,8),(48,68,8),(52,3,10),(53,69,10),(54,70,10),(58,71,12),(70,7,16),(71,22,16),(72,26,16),(73,7,17),(74,23,17),(75,0,17),(78,7,14),(79,0,14),(80,7,15),(81,0,15),(82,71,11),(95,7,23),(96,0,23),(97,7,22),(98,0,22),(99,7,21),(100,0,21),(101,7,20),(102,0,20),(103,7,19),(104,0,19),(105,7,18),(106,0,18),(107,7,13),(108,0,13),(109,0,24),(110,71,25);
/*!40000 ALTER TABLE `product_class` ENABLE KEYS */;
UNLOCK TABLES;

--
-- Table structure for table `product_img`
--

DROP TABLE IF EXISTS `product_img`;
/*!40101 SET @saved_cs_client     = @@character_set_client */;
/*!40101 SET character_set_client = utf8 */;
CREATE TABLE `product_img` (
  `id` int(11) unsigned NOT NULL AUTO_INCREMENT,
  `p_id` int(11) DEFAULT NULL,
  `picture` varchar(255) COLLATE utf8_unicode_ci DEFAULT NULL,
  `added_day` datetime DEFAULT NULL,
  `is_main` int(11) DEFAULT NULL,
  `last_modify` timestamp NULL DEFAULT CURRENT_TIMESTAMP ON UPDATE CURRENT_TIMESTAMP,
  PRIMARY KEY (`id`)
) ENGINE=InnoDB AUTO_INCREMENT=82 DEFAULT CHARSET=utf8 COLLATE=utf8_unicode_ci;
/*!40101 SET character_set_client = @saved_cs_client */;

--
-- Dumping data for table `product_img`
--

LOCK TABLES `product_img` WRITE;
/*!40000 ALTER TABLE `product_img` DISABLE KEYS */;
INSERT INTO `product_img` VALUES (1,1,'images/product/2017031623081414.jpg','2017-03-13 12:11:55',1,'2017-03-16 15:08:14'),(2,1,'images/product/201704071024550.jpg','2017-03-13 12:11:55',0,'2017-04-07 02:24:55'),(3,1,'images/product/201704071024561.jpg','2017-03-13 12:11:55',0,'2017-04-07 02:24:56'),(4,1,'images/product/201704071024562.jpg','2017-03-13 12:11:55',0,'2017-04-07 02:24:56'),(5,2,'images/product/2017031511492828.jpg','2017-03-13 12:25:41',1,'2017-03-15 03:49:28'),(6,2,'images/product/201704071025090.jpg','2017-03-13 12:25:41',0,'2017-04-07 02:25:09'),(7,2,'images/product/201704071025091.jpg','2017-03-13 12:25:41',0,'2017-04-07 02:25:09'),(8,2,'images/product/201704071025092.jpg','2017-03-13 12:25:41',0,'2017-04-07 02:25:09'),(9,4,'images/product/2017040710224848.jpg','2017-03-13 14:04:19',1,'2017-04-07 02:22:48'),(10,4,'images/product/201704071025250.jpg','2017-03-13 14:04:19',0,'2017-04-07 02:25:25'),(11,4,'images/product/201704071025251.jpg','2017-03-13 14:04:19',0,'2017-04-07 02:25:25'),(12,4,'images/product/201704071025252.jpg','2017-03-13 14:04:19',0,'2017-04-07 02:25:25'),(13,5,'images/product/2017040710225656.jpg','2017-03-16 23:42:46',1,'2017-04-07 02:22:56'),(14,5,'images/product/201704071025400.jpg','2017-03-16 23:42:46',0,'2017-04-07 02:25:40'),(15,5,'images/product/201704071025401.jpg','2017-03-16 23:42:46',0,'2017-04-07 02:25:40'),(16,5,'images/product/201704071025402.jpg','2017-03-16 23:42:46',0,'2017-04-07 02:25:40'),(17,6,'images/product/2017040710230404.jpg','2017-03-31 23:25:33',1,'2017-04-07 02:23:04'),(18,6,'images/product/201704071025540.jpg','2017-03-31 23:25:33',0,'2017-04-07 02:25:54'),(19,6,'images/product/201704071025541.jpg','2017-03-31 23:25:33',0,'2017-04-07 02:25:54'),(20,6,'images/product/201704071025542.jpg','2017-03-31 23:25:33',0,'2017-04-07 02:25:54'),(21,8,'images/product/2017091817090000.jpg','2017-09-18 17:09:00',1,'2017-09-18 09:09:00'),(22,8,'images/product/201709181709000.jpg','2017-09-18 17:09:00',0,'2017-09-18 09:09:00'),(23,8,'images/product/201709181709001.jpg','2017-09-18 17:09:00',0,'2017-09-18 09:09:00'),(24,8,'images/product/201709181709002.jpg','2017-09-18 17:09:00',0,'2017-09-18 09:09:00'),(29,10,'images/product/2017102415214040.jpg','2017-10-24 15:21:40',1,'2017-10-24 07:21:40'),(30,10,'images/product/201710241521400.jpg','2017-10-24 15:21:40',0,'2017-10-24 07:21:40'),(31,10,'images/product/201710241523021.jpg','2017-10-24 15:21:40',0,'2017-10-24 07:23:02'),(32,10,'images/product/201710241521402.jpg','2017-10-24 15:21:40',0,'2017-10-24 07:21:40'),(33,11,'images/product/2017110211440909.jpg','2017-11-02 11:44:09',1,'2017-11-02 03:44:09'),(34,11,'images/product/201711021144090.jpg','2017-11-02 11:44:09',0,'2017-11-02 03:44:09'),(35,11,'images/product/201711021144091.jpg','2017-11-02 11:44:09',0,'2017-11-02 03:44:09'),(36,11,'images/product/201711021144092.jpg','2017-11-02 11:44:09',0,'2017-11-02 03:44:09'),(37,12,'images/product/2017120614233838.jpg','2017-12-06 14:23:38',1,'2017-12-06 06:23:38'),(38,12,'images/product/201801231504530.jpg','2017-12-06 14:23:38',0,'2018-01-23 07:04:53'),(39,12,'images/product/201801231504531.jpg','2017-12-06 14:23:38',0,'2018-01-23 07:04:53'),(40,12,'images/product/201801231504532.jpg','2017-12-06 14:23:38',0,'2018-01-23 07:04:53'),(41,13,'images/product/2018012914070505.jpg','2018-01-29 14:07:05',1,'2018-01-29 06:07:05'),(42,13,'images/product/201801291407050.jpg','2018-01-29 14:07:05',0,'2018-01-29 06:07:05'),(43,13,'images/product/201801291407051.jpg','2018-01-29 14:07:05',0,'2018-01-29 06:07:05'),(44,13,'images/product/201801291407052.jpg','2018-01-29 14:07:05',0,'2018-01-29 06:07:05'),(45,16,'images/product/2018030121361313.jpg','2018-03-01 21:36:13',1,'2018-03-01 13:36:13'),(46,16,'images/product/201803012136130.jpg','2018-03-01 21:36:13',0,'2018-03-01 13:36:13'),(47,16,'images/product/201803012136131.jpg','2018-03-01 21:36:13',0,'2018-03-01 13:36:13'),(48,16,'images/product/201803012136132.jpg','2018-03-01 21:36:13',0,'2018-03-01 13:36:13'),(49,17,'images/product/2018030121370707.jpg','2018-03-01 21:37:07',1,'2018-03-01 13:37:07'),(50,17,'images/product/201803012137070.jpg','2018-03-01 21:37:07',0,'2018-03-01 13:37:07'),(51,17,'images/product/201803012137071.jpg','2018-03-01 21:37:07',0,'2018-03-01 13:37:07'),(52,17,'images/product/201803012137072.jpg','2018-03-01 21:37:07',0,'2018-03-01 13:37:07'),(53,15,'images/product/2018030121372323.jpg','2018-03-01 21:37:23',1,'2018-03-01 13:37:23'),(54,15,'images/product/201803012137230.jpg','2018-03-01 21:37:23',0,'2018-03-01 13:37:23'),(55,15,'images/product/201803012137231.jpg','2018-03-01 21:37:23',0,'2018-03-01 13:37:23'),(56,15,'images/product/201803012137232.jpg','2018-03-01 21:37:23',0,'2018-03-01 13:37:23'),(57,14,'images/product/2018041216191616.jpg','2018-03-01 21:37:28',1,'2018-04-12 08:19:16'),(58,14,'images/product/201803012137280.jpg','2018-03-01 21:37:28',0,'2018-03-01 13:37:28'),(59,14,'images/product/201803012137281.jpg','2018-03-01 21:37:28',0,'2018-03-01 13:37:28'),(60,14,'images/product/201803012137282.jpg','2018-03-01 21:37:28',0,'2018-03-01 13:37:28'),(61,19,'images/product/2018041216195151.jpg','2018-04-11 01:03:20',1,'2018-04-12 08:19:51'),(62,19,'images/product/201804110112570.jpg','2018-04-11 01:03:20',0,'2018-04-10 17:12:57'),(63,19,'images/product/201804110103201.jpg','2018-04-11 01:03:20',0,'2018-04-10 17:03:20'),(64,19,'images/product/201804110103202.jpg','2018-04-11 01:03:20',0,'2018-04-10 17:03:20'),(65,18,'images/product/2018041101144444.jpg','2018-04-11 01:12:05',1,'2018-04-10 17:14:44'),(66,18,'images/product/201804110112050.jpg','2018-04-11 01:12:05',0,'2018-04-10 17:12:05'),(67,18,'images/product/201804110112051.jpg','2018-04-11 01:12:05',0,'2018-04-10 17:12:05'),(68,18,'images/product/201804110113242.jpg','2018-04-11 01:12:05',0,'2018-04-10 17:13:24'),(69,20,'images/product/2018041216413131.jpg','2018-04-12 14:31:55',1,'2018-04-12 08:41:31'),(70,20,'images/product/201804121612490.jpg','2018-04-12 14:31:55',0,'2018-04-12 08:12:49'),(71,20,'images/product/201804121612491.jpg','2018-04-12 14:31:55',0,'2018-04-12 08:12:49'),(72,20,'images/product/201804121612192.jpg','2018-04-12 14:31:55',0,'2018-04-12 08:12:19'),(73,21,'images/product/2018041216281414.jpg','2018-04-12 16:28:14',1,'2018-04-12 08:28:14'),(74,21,'images/product/201804121628140.jpg','2018-04-12 16:28:14',0,'2018-04-12 08:28:14'),(75,21,'images/product/201804121628141.jpg','2018-04-12 16:28:14',0,'2018-04-12 08:28:14'),(76,21,'images/product/201804121628142.jpg','2018-04-12 16:28:14',0,'2018-04-12 08:28:14'),(77,22,'images/product/2018041216493333.jpg','2018-04-12 16:49:33',1,'2018-04-12 08:49:33'),(78,22,'images/product/201804121649330.jpg','2018-04-12 16:49:33',0,'2018-04-12 08:49:33'),(79,22,'images/product/201804121649331.jpg','2018-04-12 16:49:33',0,'2018-04-12 08:49:33'),(80,22,'images/product/201804121649332.jpg','2018-04-12 16:49:33',0,'2018-04-12 08:49:33'),(81,23,'images/product/2018041216493333.jpg','2018-04-12 16:49:33',1,'2018-05-02 16:07:51');
/*!40000 ALTER TABLE `product_img` ENABLE KEYS */;
UNLOCK TABLES;

--
-- Table structure for table `product_track`
--

DROP TABLE IF EXISTS `product_track`;
/*!40101 SET @saved_cs_client     = @@character_set_client */;
/*!40101 SET character_set_client = utf8 */;
CREATE TABLE `product_track` (
  `id` int(11) unsigned NOT NULL AUTO_INCREMENT,
  `p_id` int(11) DEFAULT NULL,
  `m_id` varchar(255) COLLATE utf8_unicode_ci DEFAULT NULL,
  `track_day` datetime DEFAULT NULL,
  PRIMARY KEY (`id`)
) ENGINE=InnoDB AUTO_INCREMENT=16 DEFAULT CHARSET=utf8 COLLATE=utf8_unicode_ci;
/*!40101 SET character_set_client = @saved_cs_client */;

--
-- Dumping data for table `product_track`
--

LOCK TABLES `product_track` WRITE;
/*!40000 ALTER TABLE `product_track` DISABLE KEYS */;
INSERT INTO `product_track` VALUES (1,8,'2252524767','2017-11-01 22:47:48'),(2,10,'3632993633','2017-11-01 22:48:43'),(3,8,'3762697929','2017-11-02 10:45:39'),(4,10,'3762697929','2017-11-02 10:46:20'),(5,10,'9387917291','2017-11-02 11:17:31'),(6,8,'1521669137852313','2017-11-02 11:18:48'),(7,11,'6221382132','2017-11-22 14:35:48'),(8,8,'4188471721','2017-11-27 01:14:45'),(9,10,'4188471721','2017-11-27 01:43:40'),(10,11,'4188471721','2017-11-27 02:26:52'),(12,12,'9237334662','2017-12-06 14:47:02'),(13,11,'9387917291','2017-12-06 15:09:07'),(14,12,'4188471721','2017-12-16 15:52:50'),(15,11,'1395978632','2018-01-19 23:26:48');
/*!40000 ALTER TABLE `product_track` ENABLE KEYS */;
UNLOCK TABLES;

--
-- Table structure for table `push`
--

DROP TABLE IF EXISTS `push`;
/*!40101 SET @saved_cs_client     = @@character_set_client */;
/*!40101 SET character_set_client = utf8 */;
CREATE TABLE `push` (
  `id` int(11) unsigned NOT NULL AUTO_INCREMENT,
  `m_id` int(11) DEFAULT NULL,
  `content` varchar(255) COLLATE utf8_unicode_ci DEFAULT NULL,
  `day_time` datetime DEFAULT NULL,
  PRIMARY KEY (`id`)
) ENGINE=InnoDB DEFAULT CHARSET=utf8 COLLATE=utf8_unicode_ci;
/*!40101 SET character_set_client = @saved_cs_client */;

--
-- Dumping data for table `push`
--

LOCK TABLES `push` WRITE;
/*!40000 ALTER TABLE `push` DISABLE KEYS */;
/*!40000 ALTER TABLE `push` ENABLE KEYS */;
UNLOCK TABLES;

--
-- Table structure for table `question`
--

DROP TABLE IF EXISTS `question`;
/*!40101 SET @saved_cs_client     = @@character_set_client */;
/*!40101 SET character_set_client = utf8 */;
CREATE TABLE `question` (
  `id` int(255) NOT NULL AUTO_INCREMENT,
  `title` varchar(255) COLLATE utf8_unicode_ci NOT NULL,
  `content` varchar(255) COLLATE utf8_unicode_ci NOT NULL,
  `day` date NOT NULL,
  `sort` int(255) NOT NULL,
  `focus` int(10) NOT NULL DEFAULT '0',
  PRIMARY KEY (`id`)
) ENGINE=InnoDB AUTO_INCREMENT=10 DEFAULT CHARSET=utf8 COLLATE=utf8_unicode_ci;
/*!40101 SET character_set_client = @saved_cs_client */;

--
-- Dumping data for table `question`
--

LOCK TABLES `question` WRITE;
/*!40000 ALTER TABLE `question` DISABLE KEYS */;
INSERT INTO `question` VALUES (1,'不知道要打神麼問題!!!!!!!!','<p><img alt=\"\" src=\"https://i.imgur.com/BpWpt7h.jpg\" style=\"height:267px; width:200px\" />你好嗎</p>\r\n','2018-03-08',1,1),(2,'不知道要打神麼問題2','<p>你好2</p>\r\n','2018-03-08',2,0),(3,'不知道要打神麼問題3','你好3','2018-03-08',3,0),(4,'不知道要打神麼問題4','你好4','2018-03-08',4,0),(5,'456','<p>456546456</p>\r\n','2018-03-08',5,1),(6,'123123','<p>213123123123</p>\r\n','2018-03-08',6,1),(9,'test','<p>1231234568763120</p>\r\n\r\n<p>452087</p>\r\n\r\n<p>&nbsp;</p>\r\n\r\n<p>012045452</p>\r\n\r\n<p>&nbsp;</p>\r\n','2018-03-12',0,1);
/*!40000 ALTER TABLE `question` ENABLE KEYS */;
UNLOCK TABLES;

--
-- Table structure for table `rule`
--

DROP TABLE IF EXISTS `rule`;
/*!40101 SET @saved_cs_client     = @@character_set_client */;
/*!40101 SET character_set_client = utf8 */;
CREATE TABLE `rule` (
  `id` int(11) unsigned NOT NULL AUTO_INCREMENT,
  `title` varchar(100) COLLATE utf8_unicode_ci DEFAULT NULL,
  `content` text COLLATE utf8_unicode_ci,
  `day` datetime DEFAULT NULL,
  `last_modify` timestamp NULL DEFAULT CURRENT_TIMESTAMP ON UPDATE CURRENT_TIMESTAMP,
  `rule_type` int(11) DEFAULT NULL,
  `status` int(11) DEFAULT NULL,
  PRIMARY KEY (`id`)
) ENGINE=InnoDB AUTO_INCREMENT=6 DEFAULT CHARSET=utf8 COLLATE=utf8_unicode_ci;
/*!40101 SET character_set_client = @saved_cs_client */;

--
-- Dumping data for table `rule`
--

LOCK TABLES `rule` WRITE;
/*!40000 ALTER TABLE `rule` DISABLE KEYS */;
INSERT INTO `rule` VALUES (1,'行銷經理','<p>行銷經理申請後可透過分享產品URL連結，協助行銷。</p>\r\n','2017-11-01 22:08:25','2018-03-11 17:34:03',1,1),(2,'會員權益聲明','<p>12312312312312</p>\r\n','2018-03-01 14:17:01','2018-03-11 18:06:03',3,0),(3,'隱私權條款','<p>456</p>\r\n','2018-03-05 20:16:07','2018-03-11 18:06:12',2,1),(4,'商店簡介','<p>789789</p>\r\n','2018-03-05 20:16:27','2018-04-26 05:58:23',4,0),(5,'供應商','<p>123456。</p>','2017-11-01 22:08:25','2018-03-28 08:58:33',5,1);
/*!40000 ALTER TABLE `rule` ENABLE KEYS */;
UNLOCK TABLES;

--
-- Table structure for table `rule_type`
--

DROP TABLE IF EXISTS `rule_type`;
/*!40101 SET @saved_cs_client     = @@character_set_client */;
/*!40101 SET character_set_client = utf8 */;
CREATE TABLE `rule_type` (
  `id` int(11) unsigned NOT NULL AUTO_INCREMENT,
  `content` varchar(100) COLLATE utf8_unicode_ci DEFAULT NULL,
  PRIMARY KEY (`id`)
) ENGINE=InnoDB AUTO_INCREMENT=5 DEFAULT CHARSET=utf8 COLLATE=utf8_unicode_ci;
/*!40101 SET character_set_client = @saved_cs_client */;

--
-- Dumping data for table `rule_type`
--

LOCK TABLES `rule_type` WRITE;
/*!40000 ALTER TABLE `rule_type` DISABLE KEYS */;
INSERT INTO `rule_type` VALUES (1,'行銷經理條例'),(2,'隱私權聲明'),(3,'會員權益條款'),(4,'商店簡介');
/*!40000 ALTER TABLE `rule_type` ENABLE KEYS */;
UNLOCK TABLES;

--
-- Table structure for table `sales_agents`
--

DROP TABLE IF EXISTS `sales_agents`;
/*!40101 SET @saved_cs_client     = @@character_set_client */;
/*!40101 SET character_set_client = utf8 */;
CREATE TABLE `sales_agents` (
  `id` int(11) unsigned NOT NULL AUTO_INCREMENT,
  `manager_id` varchar(100) COLLATE utf8_unicode_ci DEFAULT NULL,
  `p_id` int(11) DEFAULT NULL,
  `sales_qty` int(50) DEFAULT NULL,
  PRIMARY KEY (`id`)
) ENGINE=InnoDB AUTO_INCREMENT=8 DEFAULT CHARSET=utf8 COLLATE=utf8_unicode_ci;
/*!40101 SET character_set_client = @saved_cs_client */;

--
-- Dumping data for table `sales_agents`
--

LOCK TABLES `sales_agents` WRITE;
/*!40000 ALTER TABLE `sales_agents` DISABLE KEYS */;
INSERT INTO `sales_agents` VALUES (1,'259471761',1,100),(2,'259471761',2,50),(3,'259471761',4,20),(4,'640640018',1,100),(5,'640640018',2,50),(6,'634589566',1,20),(7,'634589566',2,30);
/*!40000 ALTER TABLE `sales_agents` ENABLE KEYS */;
UNLOCK TABLES;

--
-- Table structure for table `seller_manager`
--

DROP TABLE IF EXISTS `seller_manager`;
/*!40101 SET @saved_cs_client     = @@character_set_client */;
/*!40101 SET character_set_client = utf8 */;
CREATE TABLE `seller_manager` (
  `id` int(11) unsigned NOT NULL AUTO_INCREMENT,
  `member_id` varchar(255) COLLATE utf8_unicode_ci NOT NULL,
  `manager_no` varchar(255) COLLATE utf8_unicode_ci DEFAULT NULL,
  `class_id` varchar(255) COLLATE utf8_unicode_ci DEFAULT NULL,
  `self_introduction` varchar(255) COLLATE utf8_unicode_ci DEFAULT NULL,
  `identity` varchar(20) COLLATE utf8_unicode_ci DEFAULT NULL,
  `apply_status` int(11) DEFAULT NULL,
  `fail_info` varchar(255) COLLATE utf8_unicode_ci DEFAULT NULL,
  `check_people` varchar(20) COLLATE utf8_unicode_ci DEFAULT NULL,
  `manager_status` int(11) DEFAULT NULL,
  `apply_time` datetime DEFAULT NULL,
  `manager_code` varchar(30) COLLATE utf8_unicode_ci DEFAULT NULL,
  `start_time` datetime DEFAULT NULL,
  PRIMARY KEY (`id`,`member_id`)
) ENGINE=InnoDB AUTO_INCREMENT=13 DEFAULT CHARSET=utf8 COLLATE=utf8_unicode_ci;
/*!40101 SET character_set_client = @saved_cs_client */;

--
-- Dumping data for table `seller_manager`
--

LOCK TABLES `seller_manager` WRITE;
/*!40000 ALTER TABLE `seller_manager` DISABLE KEYS */;
INSERT INTO `seller_manager` VALUES (3,'1521669137852313','634589566','1,2,3,7','test','manager',1,'','admin',1,'2017-09-04 21:11:27',NULL,'2017-09-04 21:11:49'),(4,'6221382132','461578426',NULL,'','manager',1,'','admin',1,'2017-10-03 11:35:10',NULL,'2017-10-03 11:39:49'),(5,'3762697929','572241538',NULL,'434tt','manager',1,'','admin',1,'2017-11-02 11:08:34',NULL,'2017-11-02 11:11:39'),(6,'4188471721','889126638',NULL,'123','manager',1,'','admin',1,'2017-11-27 02:18:32',NULL,'2018-01-08 21:39:11'),(7,'1585193963','735389357',NULL,'fdfs','manager',2,'','admin',1,'2017-12-06 14:18:37',NULL,'2018-03-01 14:09:04'),(8,'7539605201','259471761',NULL,'test','manager',1,'','admin',1,'2018-01-05 23:56:23',NULL,'2018-01-05 23:56:51'),(9,'7859642492','545827518',NULL,'123','manager',1,'','admin',1,'2018-02-27 17:03:20',NULL,'2018-02-27 17:04:02'),(10,'2185639934','753473333',NULL,'我想當經理','manager',2,'','admin',0,'2018-03-15 14:27:52',NULL,'2018-04-17 23:22:38'),(11,'2259919669','744352898',NULL,'專屬代號，特別經理','manager',1,'','admin',1,'2018-04-04 23:27:47',NULL,'2018-04-04 23:30:15'),(12,'1379959496','637965823',NULL,'','manager',2,NULL,NULL,0,'2018-05-12 00:50:32',NULL,NULL);
/*!40000 ALTER TABLE `seller_manager` ENABLE KEYS */;
UNLOCK TABLES;

--
-- Table structure for table `share`
--

DROP TABLE IF EXISTS `share`;
/*!40101 SET @saved_cs_client     = @@character_set_client */;
/*!40101 SET character_set_client = utf8 */;
CREATE TABLE `share` (
  `id` int(11) unsigned NOT NULL AUTO_INCREMENT,
  `manager_id` varchar(255) COLLATE utf8_unicode_ci NOT NULL COMMENT '分享',
  `vip_id` varchar(255) COLLATE utf8_unicode_ci DEFAULT NULL COMMENT '再次分享',
  `member_id` varchar(255) COLLATE utf8_unicode_ci NOT NULL COMMENT '接收者',
  `p_id` varchar(255) COLLATE utf8_unicode_ci NOT NULL COMMENT '分享物品',
  `is_effective` int(11) DEFAULT NULL,
  `order2_id` int(20) DEFAULT NULL,
  PRIMARY KEY (`id`)
) ENGINE=InnoDB AUTO_INCREMENT=44 DEFAULT CHARSET=utf8 COLLATE=utf8_unicode_ci;
/*!40101 SET character_set_client = @saved_cs_client */;

--
-- Dumping data for table `share`
--

LOCK TABLES `share` WRITE;
/*!40000 ALTER TABLE `share` DISABLE KEYS */;
INSERT INTO `share` VALUES (1,'259471761',NULL,'1721432915','11',1,2),(2,'259471761','1721432915','2616912395','11',1,3),(3,'572241538',NULL,'572241538','8',1,6),(4,'735389357',NULL,'9237334662','12',1,14),(5,'735389357','9237334662','9387917291','11',1,15),(6,'735389357','9237334662','9387917291','11',0,16),(7,'735389357','9237334662','9387917291','11',1,17),(8,'259471761',NULL,'4188471721','10',0,28),(9,'259471761',NULL,'4188471721','8',0,29),(10,'259471761',NULL,'1395978632','8,10',1,178),(11,'259471761',NULL,'1395978632','10',1,179),(12,'259471761',NULL,'1395978632','8',1,90),(13,'259471761',NULL,'1395978632','10,8',0,70),(14,'259471761',NULL,'4819427676','8,10',0,73),(15,'259471761',NULL,'1432489887','8,10',1,76),(16,'259471761',NULL,'1432489887','10',1,79),(17,'259471761',NULL,'1432489887','10',1,80),(18,'259471761',NULL,'1432489887','10',1,81),(19,'259471761',NULL,'259471761','10',1,84),(20,'259471761',NULL,'259471761','10',1,85),(21,'259471761',NULL,'259471761','10',1,86),(22,'259471761',NULL,'1432489887','10',1,87),(23,'259471761',NULL,'1432489887','10',1,88),(24,'259471761',NULL,'1432489887','10',1,89),(25,'259471761',NULL,'1395978632','8',1,91),(26,'259471761',NULL,'1395978632','8',1,92),(27,'259471761',NULL,'1432489887','8,10',0,98),(28,'259471761',NULL,'1432489887','8,10',1,99),(29,'259471761',NULL,'1432489887','8,10',1,101),(30,'259471761',NULL,'1432489887','8',1,119),(31,'259471761',NULL,'1395978632','8',0,105),(32,'259471761',NULL,'1432489887','10',0,106),(33,'259471761',NULL,'1432489887','10',0,107),(34,'259471761',NULL,'1432489887','10',0,108),(35,'259471761',NULL,'1432489887','10',0,109),(36,'259471761',NULL,'1432489887','10',0,110),(37,'259471761',NULL,'1432489887','10',0,111),(38,'259471761',NULL,'1432489887','10',0,112),(39,'259471761',NULL,'1432489887','10',1,116),(40,'259471761',NULL,'1432489887','8,10',1,117),(41,'259471761',NULL,'1395978632','10',1,200),(42,'259471761','1395978632','7859642492','10',1,201),(43,'259471761',NULL,'2185639934','11',1,224);
/*!40000 ALTER TABLE `share` ENABLE KEYS */;
UNLOCK TABLES;

--
-- Table structure for table `shoping_cart`
--

DROP TABLE IF EXISTS `shoping_cart`;
/*!40101 SET @saved_cs_client     = @@character_set_client */;
/*!40101 SET character_set_client = utf8 */;
CREATE TABLE `shoping_cart` (
  `id` int(11) unsigned NOT NULL AUTO_INCREMENT,
  `p_id` int(11) DEFAULT NULL,
  `m_id` varchar(255) COLLATE utf8_unicode_ci DEFAULT NULL,
  `p_price` varchar(100) COLLATE utf8_unicode_ci DEFAULT NULL,
  `p_qty` int(30) DEFAULT NULL,
  `add_day` datetime DEFAULT NULL,
  PRIMARY KEY (`id`)
) ENGINE=InnoDB AUTO_INCREMENT=56 DEFAULT CHARSET=utf8 COLLATE=utf8_unicode_ci;
/*!40101 SET character_set_client = @saved_cs_client */;

--
-- Dumping data for table `shoping_cart`
--

LOCK TABLES `shoping_cart` WRITE;
/*!40000 ALTER TABLE `shoping_cart` DISABLE KEYS */;
INSERT INTO `shoping_cart` VALUES (1,8,'2252524767','150',1,'2017-11-01 22:47:49'),(2,10,'3632993633','150',1,'2017-11-01 22:48:44'),(7,8,'1521669137852313','150',1,'2017-11-02 11:18:49'),(13,11,'6221382132','50',1,'2017-11-22 14:34:53'),(14,8,'3762697929','150',3,'2017-11-22 14:53:54'),(19,11,'4188471721','50',1,'2017-11-27 02:26:55'),(21,12,'9237334662','332',1,'2017-12-06 14:49:51'),(22,10,'9387917291',NULL,1,'2017-12-06 15:10:20'),(25,11,'1721432915','1000',1,'2018-01-09 18:23:43'),(26,8,'1721432915','150',1,'2018-01-09 18:55:02'),(27,8,'4188471721','150',1,'2018-01-14 22:25:16'),(28,10,'4188471721','150',1,'2018-01-14 22:29:41'),(30,11,'1395978632','1000',1,'2018-01-19 23:26:51'),(32,8,'1395978632','150',1,'2018-01-20 02:27:57'),(33,10,'1395978632','150',1,'2018-01-20 02:28:09'),(36,8,'4819427676','150',1,'2018-01-21 13:30:31'),(37,11,'4819427676','1000',1,'2018-01-21 13:30:37'),(39,10,'4819427676','150',1,'2018-01-21 13:30:52'),(40,8,'1432489887','150',1,'2018-01-22 19:52:42'),(41,10,'1432489887','150',1,'2018-01-22 19:52:51'),(45,10,'7859642492','150',6,'2018-02-27 19:22:51'),(47,8,'7859642492','150',1,'2018-02-27 19:24:48'),(49,8,'7539605201','150',1,'2018-03-01 00:17:04'),(50,11,'7539605201',NULL,1,'2018-03-07 02:07:35'),(51,10,'7539605201',NULL,1,'2018-03-07 02:07:36'),(52,10,'2185639934',NULL,1,'2018-03-15 14:26:54'),(53,16,'2185639934',NULL,1,'2018-03-15 14:27:18'),(54,10,'2259919669','150',1,'2018-04-08 21:44:15'),(55,1,'2929542618',NULL,1,'2018-06-04 19:20:05');
/*!40000 ALTER TABLE `shoping_cart` ENABLE KEYS */;
UNLOCK TABLES;

--
-- Table structure for table `standard`
--

DROP TABLE IF EXISTS `standard`;
/*!40101 SET @saved_cs_client     = @@character_set_client */;
/*!40101 SET character_set_client = utf8 */;
CREATE TABLE `standard` (
  `id` int(11) unsigned NOT NULL AUTO_INCREMENT,
  `p_id` int(11) DEFAULT NULL,
  `standard` varchar(255) COLLATE utf8_unicode_ci DEFAULT NULL,
  `qty` int(11) DEFAULT NULL,
  PRIMARY KEY (`id`)
) ENGINE=InnoDB AUTO_INCREMENT=11 DEFAULT CHARSET=utf8 COLLATE=utf8_unicode_ci;
/*!40101 SET character_set_client = @saved_cs_client */;

--
-- Dumping data for table `standard`
--

LOCK TABLES `standard` WRITE;
/*!40000 ALTER TABLE `standard` DISABLE KEYS */;
INSERT INTO `standard` VALUES (1,1,'原味',15),(2,1,'草莓',5),(3,2,'咖啡',10),(4,2,'黑糖',5),(5,2,'草莓',5),(8,4,'i7-6950x',1),(9,5,'黑色',3),(10,6,'白色斑點',100);
/*!40000 ALTER TABLE `standard` ENABLE KEYS */;
UNLOCK TABLES;

--
-- Table structure for table `supplier`
--

DROP TABLE IF EXISTS `supplier`;
/*!40101 SET @saved_cs_client     = @@character_set_client */;
/*!40101 SET character_set_client = utf8 */;
CREATE TABLE `supplier` (
  `id` int(11) unsigned NOT NULL AUTO_INCREMENT,
  `member_id` varchar(255) COLLATE utf8_unicode_ci NOT NULL,
  `auth` varchar(255) COLLATE utf8_unicode_ci NOT NULL,
  `added` varchar(255) COLLATE utf8_unicode_ci NOT NULL,
  `page_id` varchar(255) COLLATE utf8_unicode_ci NOT NULL,
  `email` varchar(255) COLLATE utf8_unicode_ci NOT NULL,
  `supplier_title` varchar(255) COLLATE utf8_unicode_ci DEFAULT NULL COMMENT '供應商標題',
  `supplier_name` varchar(50) COLLATE utf8_unicode_ci DEFAULT NULL,
  `ceo` varchar(20) COLLATE utf8_unicode_ci DEFAULT NULL,
  `tele` varchar(20) COLLATE utf8_unicode_ci DEFAULT NULL,
  `cellphone` varchar(30) COLLATE utf8_unicode_ci DEFAULT NULL,
  `info` varchar(255) COLLATE utf8_unicode_ci DEFAULT NULL COMMENT '短介(限制24字數)',
  `fail_info` varchar(255) COLLATE utf8_unicode_ci NOT NULL,
  `info2` text COLLATE utf8_unicode_ci COMMENT '詳細介紹',
  `city_id` int(11) DEFAULT NULL,
  `area_id` int(11) DEFAULT NULL,
  `address` varchar(255) COLLATE utf8_unicode_ci DEFAULT NULL,
  `big_img` varchar(255) COLLATE utf8_unicode_ci DEFAULT NULL,
  `small_img` varchar(255) COLLATE utf8_unicode_ci DEFAULT NULL,
  `registration_time` datetime DEFAULT NULL,
  `last_modify` timestamp NULL DEFAULT CURRENT_TIMESTAMP ON UPDATE CURRENT_TIMESTAMP,
  PRIMARY KEY (`id`)
) ENGINE=InnoDB AUTO_INCREMENT=24 DEFAULT CHARSET=utf8 COLLATE=utf8_unicode_ci;
/*!40101 SET character_set_client = @saved_cs_client */;

--
-- Dumping data for table `supplier`
--

LOCK TABLES `supplier` WRITE;
/*!40000 ALTER TABLE `supplier` DISABLE KEYS */;
INSERT INTO `supplier` VALUES (1,'','0','1','1','','賣大愛的','大愛超商','王大明','076264065','0989390300','6264433','','<p>咱是堅持農產品生產要安全才上市的田力溫室農場 安全蔬果為本農場經營的核心價值。</p>\r\n',1,1,'中港路55號','images/supplier_img/big/201801181736201516268180.jpg','images/supplier_img/small/201801181736201516268180.jpg','2016-07-05 20:40:25','2018-04-24 14:02:36'),(2,'1395978632','2','2','1','','7-11商店','17商店','王大榮','61456155','61456155','51565123','456','<p>51565</p>\r\n',0,0,'仁愛路3號123','images/supplier_img/big/201801181736201516268180.jpg','images/supplier_img/small/201801181736201516268180.jpg','2016-07-06 11:45:09','2018-04-25 13:51:13'),(3,'','2','1','2','','全家便利商店','family','Tony','0988123456','0988789215','123','',NULL,16,249,'155號','images/supplier_img/big/201801181736201516268180.jpg','images/supplier_img/small/201801181736201516268180.jpg','2017-03-12 13:15:34','2018-04-17 07:55:08'),(4,'','2','1','2','','賣水果的','田力溫室','高世男','6313961','6313961','咱是堅持農產品生產要安全才上市的田力溫室農場','','<p>咱是堅持農產品生產要安全才上市的田力溫室農場 安全蔬果為本農場經營的核心價值。</p>\r\n\r\n<p>&nbsp;</p>\r\n',16,266,'中路里','images/supplier_img/big/201801181736201516268180.jpg','images/supplier_img/small/201801181736201516268180.jpg','2017-09-18 16:57:35','2018-04-17 19:21:41'),(5,'','2','1','1','','test','第一資通','王大明','070192383484','i98239393','test','','<p>test</p>\r\n',15,232,'test','images/supplier_img/big/201801181736201516268180.jpg','images/supplier_img/small/201801181736201516268180.jpg','2017-11-02 11:33:24','2018-04-17 07:55:10'),(8,'','2','1','2','','123456','天氣空','天天天','39404984','943390498','fbbeb','',NULL,13,189,'dsafdsaf','images/supplier_img/big/201801181736201516268180.jpg','images/supplier_img/small/201801181736201516268180.jpg','2017-11-02 11:36:22','2018-04-17 07:55:11'),(9,'','2','1','1','','天下第一名','高科大','高科校長','','','大十大十大十大十大十大十大十大十大十大十大十大十','','<p><strong>高雄</strong>真的很多<strong>美食</strong>，尤其是小吃、火鍋的部分，這裡整理了多家<strong>高雄美食</strong>，從<strong>西式餐廳、中式餐廳、早餐、景觀餐廳、小吃、麵店、火鍋</strong>等等，都是飄兒吃過很多次，覺得有特色又好吃的店，並不一定全都是CP值高的店，但絕對都是<strong>好吃推薦</strong>的餐廳，供大家參考，在<strong>高雄</strong>想不到要吃什麼的時候，可以翻來看看喔！如果要看詳細菜單、店家資訊、食記，可以直接點店名進去都有詳細介紹。</p>\r\n',0,0,'','images/supplier_img/big/201801291353111517205191.jpg','images/supplier_img/small/201801291353111517205191.jpg','2018-01-29 13:53:11','2018-04-17 07:55:14'),(10,'','2','1','2','','沒有人','誰知道','都知道','','','誰知道誰知道誰知道誰知道誰知道誰知道誰知道誰知道','','<p>誰知道誰知道誰知道誰知道誰知道誰知道誰知道誰知道誰知道誰知道誰知道誰知道誰知道誰知道誰知道誰知道誰知道誰知道誰知道誰知道誰知道誰知道誰知道誰知道誰知道誰知道誰知道誰知道誰知道誰知道誰知道誰知道誰知道誰知道誰知道誰知道誰知道誰知道誰知道誰知道誰知道誰知道誰知道誰知道誰知道誰知道誰知道誰知道誰知道誰知道誰知道誰知道</p>\r\n',0,0,'','images/supplier_img/big/201801291424021517207042.jpg','images/supplier_img/small/201801291400441517205644.jpg','2018-01-29 14:00:44','2018-04-17 07:55:15'),(11,'','2','1','3','','323＿','df','sadf','','','火火 火火 火火 火火 火火 火火 火火 火火 ','','',0,0,'','images/supplier_img/big/201801291402481517205768.jpg','images/supplier_img/small/201801291402481517205768.jpg','2018-01-29 14:02:48','2018-04-17 07:55:17'),(12,'7859642492','2','0','6','','123','45654','','012','','','','<p>123</p>\r\n',0,0,'654',NULL,NULL,'2018-04-16 15:36:39','2018-04-26 05:39:30'),(14,'7539605201','2','0','','',NULL,'1234',NULL,'123456',NULL,NULL,'','12313',NULL,NULL,'123',NULL,NULL,'2018-04-26 13:42:36','2018-04-26 05:42:53'),(15,'3762697929','2','0','','',NULL,'dffdd',NULL,'dd',NULL,NULL,'','asf',NULL,NULL,'asd',NULL,NULL,'2018-05-07 14:19:55','2018-05-07 06:23:40'),(23,'4819427676','1','0','','3123@mail.com',NULL,'123',NULL,'123',NULL,NULL,'','3123',NULL,NULL,'312',NULL,NULL,'2018-05-09 21:21:58','2018-05-09 13:21:58');
/*!40000 ALTER TABLE `supplier` ENABLE KEYS */;
UNLOCK TABLES;
/*!40103 SET TIME_ZONE=@OLD_TIME_ZONE */;

/*!40101 SET SQL_MODE=@OLD_SQL_MODE */;
/*!40014 SET FOREIGN_KEY_CHECKS=@OLD_FOREIGN_KEY_CHECKS */;
/*!40014 SET UNIQUE_CHECKS=@OLD_UNIQUE_CHECKS */;
/*!40101 SET CHARACTER_SET_CLIENT=@OLD_CHARACTER_SET_CLIENT */;
/*!40101 SET CHARACTER_SET_RESULTS=@OLD_CHARACTER_SET_RESULTS */;
/*!40101 SET COLLATION_CONNECTION=@OLD_COLLATION_CONNECTION */;
/*!40111 SET SQL_NOTES=@OLD_SQL_NOTES */;

-- Dump completed on 2018-06-28  5:59:07
